Region,Institution Ownership Type,Admission Rate,Avg SAT Score,STEM Degree Total,Mean 10yr Earnings Post Graduation,Mean 6 yr Earnings Post Graduation,Mean 8yr Earnings Post Graduation,Median 10yr Earnings Post Graduation,Median 8yr Earnings Post Graduation,Median 6yr Earnings Post Graduation
5,1,0.9027,929,0.1391,35500,28400,30600,31000,27100,25200
5,1,0.9181,1195,0.0951,48400,39400,44100,41200,38300,35100
5,1,0.8123,1322,0.3815,52000,40300,45900,46700,41800,36200
5,1,0.9787,935,0.074,30600,24400,27500,27700,25200,22600
5,1,0.533,1278,0.1259,51600,42400,45600,44500,40300,37400
5,1,0.8254,1083,0.0658,38000,32100,37000,33300,33500,30100
5,1,0.8393,1282,0.2005,56300,43100,50800,48800,44900,39500
5,2,0.6186,1231,0.0865,53100,36700,43500,46700,38600,33400
5,2,0.5101,1031,0.0128,40700,33400,37000,35400,32600,29700
5,2,0.5598,1085,0.0161,43600,34600,39900,39900,36800,32600
5,1,0.5402,1121,0.0591,38100,31800,34900,35800,32100,28700
5,2,0.507,1085,0,29300,26300,25500,26100,24800,22200
5,1,0.2821,1041,0.0579,40400,29700,33400,37400,29600,26400
5,1,0.5587,1138,0,49800,33600,43600,42700,39200,33100
5,2,0.4702,1113,0.0481,38700,32700,37300,35200,33700,29300
5,1,0.6445,1143,0.0255,36100,28000,32300,34200,31300,27500
5,1,0.7022,1104,0.0175,42800,32100,36300,37800,31800,28600
5,2,0.4707,1005,0.0274,37400,25800,32400,29700,27900,21800
5,2,0.8319,1230,0.0225,59800,45200,50700,49900,42000,37500
5,1,0.8208,1142,0.1354,46800,35100,42400,37800,35800,31500
5,2,0.4568,1156,0.0314,51300,34800,44000,45100,40600,33600
5,1,0.8812,1085,0.0566,41100,34300,37500,37000,33800,30400
5,2,0.5032,1036,0.2274,42200,34500,39000,35500,34200,28500
8,1,0.767,1094,0.1735,45100,36500,40400,38700,34300,30700
6,1,0.8415,1235,0.1733,55500,42200,48800,47700,43300,38300
6,2,0.7652,1245,0.3968,70300,51400,60800,66200,55700,47900
6,2,0.9526,1132,0,34300,28500,30700,33200,30400,25000
6,2,0.6444,956,0,34900,32600,31900,32200,30300,32200
5,1,0.7463,1105,0.1053,39500,34600,36900,34900,33200,31200
5,2,0.6418,1202,0.0707,44800,31400,40800,38600,35500,30400
5,1,0.6596,1239,0.125,52700,40900,46900,44900,41700,37100
5,1,0.4669,951,0.0899,30600,23900,28100,27200,25200,21200
5,1,0.6602,1165,0.0557,36600,30900,35100,32200,30600,27500
5,2,0.6875,1125,0,48100,46200,47400,47200,45100,47300
5,1,0.8995,1175,0.0287,42500,32600,37500,38300,34300,29600
5,2,0.6755,1027,0,43000,34200,37600,35300,35300,30000
5,2,0.7212,1203,0.094,47000,35600,42700,40900,37800,33400
5,1,0.7968,1102,0.02,40400,29300,35000,35700,32900,27000
5,2,0.798,1295,0.0613,44500,35100,41300,39700,38700,29200
5,2,0.7579,1256,0.0991,55400,45300,51800,45800,43600,36900
5,2,0.7094,1186,0.0245,46000,34600,38900,41200,34900,30600
5,2,0.8915,1047,0.0412,38600,28700,36500,33900,32900,25900
5,2,0.6241,1030,0.0194,36400,29300,32200,33100,29900,28400
5,1,0.6945,1102,0.0255,39000,30400,37800,35700,33700,28200
8,2,0.6012,1131,0.0221,55900,48300,52500,51100,47200,42000
8,2,0.7198,1186,0.0349,50700,38700,43000,44500,38500,34500
8,2,0.7708,1092,0.0915,47500,40000,43200,42600,39500,34300
8,2,0.0774,1558,0.7323,106300,68500,105700,85900,77500,54500
8,2,0.7275,1158,0.0733,60200,43700,48900,54200,45800,38500
8,1,0.3461,1317,0.312,74300,54700,63300,66900,57900,52100
8,1,0.5713,991,0.0442,48800,37400,42400,44500,38500,33100
8,1,0.5507,1129,0.2479,58000,42900,49400,54000,45900,39900
8,1,0.6778,1088,0.1137,55400,42900,48300,48100,42800,38200
8,1,0.5941,1004,0.066,48500,37200,43400,44700,38900,32400
8,1,0.4572,1096,0.0616,51800,38500,44800,47200,41000,35100
8,1,0.2799,1130,0.1112,53000,40000,46200,48100,42500,36500
8,1,0.4645,968,0.095,49900,37200,44200,46100,40200,33700
8,1,0.5765,1014,0.0819,49700,37400,43500,45400,39500,33700
8,1,0.6776,1036,0.1039,54200,41800,48100,48900,44300,38600
8,1,0.1711,1414,0.2284,79000,57600,68100,64700,56800,48700
8,1,0.4336,1286,0.1612,68100,45300,56600,58200,49200,40400
8,1,0.3651,1291,0.2107,65800,44300,54300,58400,48800,41100
8,1,0.161,1387,0.1554,73200,52000,63900,60700,54100,44500
8,1,0.5723,1215,0.1367,55300,36800,45300,49700,42000,33700
8,1,0.3399,1343,0.2993,69600,48200,58900,59900,52100,43400
8,1,0.3281,1346,0.1178,62400,42800,52100,55300,46800,39000
8,1,0.5094,1287,0.1504,53800,38400,44700,46900,40700,33800
8,2,0.5724,1293,0.029,56600,46900,52800,54500,49600,43900
8,2,0.9016,1142,0,82700,73200,74200,81900,70700,67100
8,2,0.5845,1121,0.0081,50800,40800,44300,46400,40300,36000
8,2,0.6235,945,0,42500,31000,35900,36700,31600,27700
8,2,0.1036,1452,0.0694,93200,68200,80600,72900,64000,55900
8,2,0.8843,1127,0,63600,54200,56700,55600,49400,44400
8,2,0.7239,1050,0.0042,45600,38400,41300,43900,37900,34900
8,2,0.1542,1527,0.636,104200,87200,99300,88800,81700,72500
8,2,0.5256,857,0,57600,49000,51600,50800,43500,39600
8,1,0.8183,1062,0.0489,40100,30200,35300,36600,31100,26200
8,2,0.9669,1002,0,34400,32800,33400,32700,32600,28400
8,2,0.4754,1106,0.0182,52700,45800,49000,49200,46400,41700
8,2,0.4821,994,0.0154,54600,43600,49000,49500,41500,33700
8,2,0.658,1116,0.0417,52100,38600,41300,41700,37800,35500
8,2,0.5248,1307,0.0691,71600,53000,62700,61300,54300,45100
8,2,0.4299,1086,0,59700,42500,46300,50900,43100,33200
8,2,0.8121,1013,0.005,63500,57700,59400,53200,53000,51900
8,2,0.9362,995,0.0386,63900,49000,53200,56400,47800,44300
8,2,0.4179,1370,0.0336,59400,40700,52800,50600,47200,39200
8,2,0.2837,1019,0,40700,36600,40400,36000,35200,29700
8,2,0.5021,1055,0.01,61700,48600,52300,51700,44600,39300
8,2,0.6487,1220,0.1984,84200,61000,74600,71700,62300,51700
8,2,0.3985,1319,0.0052,77600,54100,72200,65500,57500,47800
8,2,0.7629,1211,0.0343,54400,43600,52200,50900,48700,40800
8,2,0.0836,1461,0.1706,77300,51200,66900,58100,51300,41100
8,2,0.7496,1182,0.0141,57700,48700,52900,55000,49500,43700
8,1,0.3542,1206,0.0984,55900,41600,48500,51000,44200,37700
8,2,0.4979,1302,0.0831,71100,54800,65900,60000,58400,50100
8,1,0.7046,1054,0.0648,54700,42100,49000,49200,44000,38000
8,2,0.6563,1203,0.032,74000,58500,66400,62300,57400,50000
8,2,0.6605,1129,0.0071,45100,38400,44400,37300,35400,34000
8,1,0.6688,1110,0.1614,63800,47200,54300,56100,49400,42200
8,2,0.5356,1378,0.1843,85300,63900,74600,72600,69400,61100
8,2,0.3337,1405,0.0433,61800,44400,48900,54100,45700,40500
8,2,0.5561,1077,0.0033,39900,35100,38000,34500,32500,30500
8,2,0.8162,1170,0.019,63600,48600,54100,56300,49700,44600
8,1,0.8203,1078,0.047,53200,41200,46600,49200,43100,37900
8,2,0.4668,1037,0.0023,48800,40700,44600,41800,38000,34700
8,2,0.1595,1437,0.1565,88800,61400,76900,74000,64700,53800
8,2,0.7188,1297,0,45900,30300,36700,42100,30300,32000
8,2,0.8471,1262,0.0371,58000,38600,48000,51400,40900,35600
8,2,0.7409,1138,0.017,50900,37500,43100,46800,39600,33600
8,2,0.6164,1076,0,52100,37300,46600,48200,44000,34800
7,1,0.9888,1005,0.0098,38100,28800,32300,35200,29900,26700
7,1,0.6522,1179,0.0985,71200,48700,57100,56400,48600,41500
7,1,0.9281,1162,0.1286,49300,37300,41600,43900,37600,34600
7,1,0.7984,1293,0.1899,59700,42700,50200,50800,44200,39100
7,1,0.5572,1391,0.9758,95600,74700,80700,84900,72200,69200
7,1,0.8262,1212,0.1586,53400,39900,46200,47100,41600,36800
7,2,0.5805,1294,0.0827,65400,49000,60900,56500,54700,44500
7,1,0.8321,1123,0.0521,39400,30500,35000,35200,30500,28100
7,1,0.8167,1066,0.0399,42300,34200,38800,36800,33500,30700
7,1,0.6427,1010,0.0571,44200,36100,39800,40200,36800,34100
7,1,0.8908,1107,0.0154,47100,35300,40900,42000,38100,33800
7,2,0.5992,1150,0.0652,62700,54100,58900,56400,54300,50000
7,1,0.9534,1043,0.1051,41600,39100,39800,37500,36500,33900
7,1,0.8598,1120,0.0584,43400,32500,35800,39000,33200,29300
1,2,0.6388,930,0.0077,56000,45200,51400,51200,48400,41400
1,2,0.5389,969,0.0807,47100,35600,41300,43100,38000,32300
1,1,0.6676,1071,0.1312,51600,40800,45100,47900,43200,39100
1,1,0.4784,1313,0.1615,66000,49800,57300,58400,52700,46400
1,2,0.8089,1140,0.1906,51700,40300,46800,47800,43300,38400
1,2,0.8776,1124,0.1093,54600,40500,48100,52100,45100,38600
1,2,0.7388,1184,0.0538,67700,53800,60900,63300,58100,51900
1,2,0.9029,1064,0.0045,52900,43100,48400,52800,47000,43500
1,2,0.973,960,0,58900,51800,57200,58100,56000,52000
1,1,0.6492,1028,0.0268,48100,38800,43900,45300,41100,36800
1,2,0.3387,1370,0.0885,74300,52000,67100,66100,56800,49200
1,2,0.0693,1520,0.1574,124400,67800,97100,83200,72400,56600
2,1,0.4518,918,0.0275,38400,30100,35400,35800,32400,28200
2,1,0.6289,1250,0.1245,64000,48100,56200,57000,52700,46700
2,2,0.6151,903,0.0046,45700,33600,41400,42900,38700,30200
2,2,0.294,1294,0.0234,67700,46700,56400,61000,53400,45600
2,2,0.5901,916,0.0435,34300,25400,32600,31000,30200,21900
2,2,0.4098,1386,0.0936,82400,58600,74900,69600,61700,53600
2,2,0.1568,1451,0.0347,125200,81100,101400,93500,78400,65200
2,2,0.4142,1201,0.0859,54500,39500,48400,49200,44100,35800
5,2,0.6195,968,0,36200,29300,33100,31800,29900,26600
5,2,0.8507,970,0.0502,50900,43700,47800,45800,43000,39400
5,2,0.9278,978,0,31700,28200,29100,29800,26200,27100
5,1,0.499,1249,0.1061,51200,39900,45400,45400,41400,37100
5,2,0.7273,1207,0.0139,46700,36000,44200,42200,38000,30800
5,2,0.6045,885,0.0204,28700,22700,26500,25900,25000,20400
5,2,0.7491,1204,0.3081,70300,51400,60800,66200,55700,47900
5,1,0.4563,1044,0.0586,44700,31800,39600,37600,32800,26800
5,1,0.6001,1149,0.0721,48300,38800,44200,43200,40500,36200
5,2,0.5659,1093,0,42200,34900,39100,38900,36600,33900
5,2,0.7376,1000,0,42700,32300,38200,39100,35300,30300
5,2,0.9685,1019,0,58200,53500,56900,56000,54700,54300
5,2,0.6346,1243,0.5494,61200,46900,53300,56600,47100,38000
5,1,0.5407,1172,0.0947,52000,41500,46000,46300,43000,38700
5,2,0.5146,1218,0.0296,44400,37400,40900,41400,39200,36200
5,1,0.4919,1304,0.0876,53900,39700,48200,46400,42300,36500
5,1,0.4201,1356,0.1682,65700,47700,57800,56000,48100,42600
5,2,0.867,1147,0.0324,57100,48800,51500,50500,44600,42700
5,2,0.357,1366,0.118,72900,54500,64900,60100,53900,47500
5,1,0.5871,1176,0.086,49200,37500,44100,43200,40100,35800
5,2,0.5817,1201,0.0166,55600,47800,53000,45300,45000,42300
5,2,0.9739,1115,0.0185,48000,40600,45100,40600,38600,34700
5,2,0.5849,1056,0.0574,50500,39200,45500,43800,39600,35900
5,1,0.4536,1246,0.0993,48500,39400,43300,43500,40100,36800
5,2,0.4871,993,0.0264,60500,44600,50200,49400,41100,37400
5,2,0.535,1063,0.0015,37900,31200,34600,34800,33100,30000
5,2,0.5326,1171,0.0237,55100,42300,48000,48600,43400,39100
5,2,0.3447,933,0,33300,24300,30400,33600,28300,22900
5,2,0.918,922,0,33700,27700,30700,29200,28700,26600
5,2,0.4148,946,0,42500,35500,38900,38600,37500,34400
5,2,0.4923,986,0.0214,40100,31900,35600,37200,33700,29800
5,1,0.4958,1185,0.0761,43400,33600,37100,38900,34400,31500
5,1,0.7021,1013,0,36300,29100,33000,32900,30000,26300
5,2,0.4051,930,0,31900,24800,28000,29000,25200,22400
5,1,0.7962,1054,0.0339,44000,36000,41300,39900,37300,32900
5,2,0.3506,968,0,34700,30200,32400,32500,29900,27300
5,2,0.5793,1000,0.0303,38200,28400,32600,35500,29800,26700
5,2,0.616,1247,0.0285,43900,32300,39000,40000,36400,31100
5,2,0.6613,1004,0,45400,41300,42800,42000,38500,37600
5,2,0.9898,922,0.05,35100,29800,31300,31900,29700,26300
5,1,0.9469,937,0.0052,32800,27500,30300,28300,27000,24900
5,1,0.534,1011,0.0587,38800,31100,35300,35900,33200,28600
5,2,0.9523,1269,0.0492,46700,35100,39700,41200,35200,32600
5,2,0.4307,1022,0.0501,35400,26700,30300,33600,28900,25700
5,2,0.2204,1443,0.0622,84400,65500,72300,66000,59200,57500
5,1,0.4366,564,0.0956,34700,25500,30200,30900,26900,22800
5,1,0.234,1389,0.7852,85900,66100,73200,79100,69900,65500
5,1,0.6747,1045,0.0379,40100,32900,36300,36400,32800,29400
5,1,0.7899,1199,0.0547,45200,37500,41200,40500,38200,35700
5,1,0.6829,1174,0.1382,46100,36800,42500,41900,38500,33700
5,1,0.6985,1128,0.0791,48200,38100,43300,43300,39400,35200
5,1,0.5401,1316,0.0625,59100,45200,53000,50500,46000,39900
5,1,0.8364,924,0.0065,34700,27400,31500,31200,28300,24100
5,2,0.5689,1100,0.0121,45700,36100,39600,39600,34600,32700
5,2,0.689,957,0.0432,47200,36500,43700,35600,37100,30700
5,2,0.7326,1285,0.126,58200,40400,54800,48200,45200,36800
5,2,0.7441,1050,0.1177,49000,34600,42300,41800,36200,30300
5,2,0.5804,1212,0.0323,49400,37500,44600,42100,37600,32100
5,2,0.318,850,0.0127,29700,21400,25500,28200,23100,19200
5,2,0.5952,1059,0.0076,43400,40200,40300,40600,35800,38000
5,2,0.8863,1038,0.0182,40500,33500,36700,36600,33200,30500
5,2,0.9287,1152,0.0073,41400,32700,37700,36400,33100,29400
5,1,0.5575,933,0.1218,35000,26200,30200,31300,27500,23600
5,2,0.5337,1017,0.0168,50100,36600,42800,43200,37400,32600
5,2,0.4005,1163,0.0867,50700,34700,43200,47000,40000,31500
5,2,0.5872,1039,0,32200,28000,29600,29500,28000,25600
5,2,0.9462,1032,0,37100,25900,32200,32600,29100,23600
5,1,0.7417,1059,0.0405,41600,33200,37300,38700,34500,31500
5,2,0.466,1114,0.0177,37600,27800,32800,29900,30200,27100
5,1,0.5862,1016,0.0257,41700,33900,39100,38200,36500,31600
5,2,0.5251,1100,0.0053,41300,29300,33900,37900,31700,27600
8,2,0.9223,1068,0,41000,31800,36800,38400,34300,30000
8,1,0.7788,1047,0.0364,41800,31700,38000,37900,34200,27800
8,1,0.8315,1154,0.1076,51800,39000,45600,45800,41100,35700
8,2,0.7468,1110,0.0706,56400,41800,51000,49900,44100,35600
8,1,0.7875,966,0,41100,38300,38000,38600,37400,38600
7,2,1,1091,0,32700,26900,30700,29400,26200,25100
7,1,0.8399,1093,0.1063,43100,35600,39200,37100,34000,31000
7,1,0.7309,1127,0.1448,47000,35500,43400,41900,37400,31800
7,1,0.996,1013,0.0499,38200,33700,36100,34600,33000,30800
7,2,0.7342,1142,0.0538,46300,35000,44100,39600,37000,30800
7,2,0.9479,1115,0.0797,49400,35600,42800,42700,36800,31100
3,2,0.6982,1242,0,40800,28800,34700,33500,31300,26200
3,2,0.8732,1062,0.0189,46200,39200,43900,42700,40500,37600
3,2,0.5953,1041,0.0575,41700,29600,35700,37400,33300,28200
3,2,0.7137,1212,0.2548,58300,45900,50600,53600,46900,42900
3,1,0.7787,952,0.0278,38200,32200,34700,33800,30800,29400
3,2,0.0873,1524,0.1582,103000,72100,89700,68100,61300,54300
3,2,0.7472,1100,0.0258,42700,38700,39100,39700,35900,35900
3,2,0.4069,910,0.2285,29000,22500,25300,25700,22500,18700
3,1,0.5151,1045,0.0393,46000,35500,40900,42200,38100,34400
3,2,0.7053,1141,0.0458,51600,42700,46800,48300,43200,40300
3,2,0.62,1084,0.0428,40500,33200,37500,36000,36100,31400
3,1,0.6556,968,0.0529,44000,40300,41700,40800,38500,37300
3,2,0.662,1067,0.0074,39900,33200,37600,36800,34900,30400
3,2,0.95,1064,0,26700,25800,30900,21100,26400,21300
3,1,0.7708,1150,0.1894,61300,43100,54300,54300,47900,39600
3,2,0.6217,1093,0.0191,56400,43700,50400,49000,46500,40000
3,1,0.6153,1376,0.2835,70900,52300,59600,61500,53600,47100
3,2,0.6086,1273,0.0411,67300,43300,54600,59100,50200,41600
3,2,0.5403,1323,0.6845,78000,60400,71600,69100,63300,55800
3,1,0.8913,1165,0.0588,51600,41600,46700,47100,43200,39600
3,2,0.712,1084,0.0136,47200,38000,43100,42800,38900,35700
3,2,0.5383,1161,0.079,53600,43800,48900,48800,44900,40700
3,2,0.6213,1036,0,37000,28100,33300,30900,29900,25300
3,2,0.5722,886,0,34700,24900,30600,30900,27700,22200
3,2,0.7059,1258,0.0326,63500,45200,54200,54100,48700,42700
3,2,0.5971,1032,0.0084,39300,32000,35200,36200,32900,29400
3,2,0.617,1100,0.0537,50200,39200,43600,45800,39600,35400
3,2,0.6459,1127,0.014,47200,34900,42800,42900,38600,33400
3,2,0.6705,1115,0.0346,46500,34500,42500,41500,38400,33600
3,2,0.544,1200,0.03,52300,39300,47700,47800,43300,37700
3,2,0.5373,1086,0.0198,45600,40300,43300,43700,40200,37400
3,1,0.5332,1085,0.1323,49800,39400,45100,45500,41800,36800
3,2,0.0924,1500,0.2238,93400,71900,82800,69000,63700,58900
3,1,0.6939,910,0.0693,41900,35200,38500,37900,36000,32700
3,2,0.6617,1140,0.0751,44000,39300,41400,40400,37800,35300
3,2,0.6732,1082,0.0338,46000,34200,39500,39500,36400,32200
3,2,0.4656,1059,0.0326,47800,38300,41300,45200,40500,36600
3,2,0.6951,1119,0.0494,47700,39700,43900,43600,40200,36800
3,2,0.6498,1124,0.0432,49900,39000,44400,47100,41700,35800
3,2,0.5167,1126,0.0371,56500,47100,52800,53100,48700,44100
3,2,0.746,1066,0.0531,50600,41400,47300,48200,43900,38100
3,1,0.5241,1159,0.1948,49900,38500,44100,44600,39200,34800
3,1,0.7601,1143,0.1765,49500,36700,43200,42900,38400,33200
3,1,0.8951,1144,0.1658,50800,39600,45200,43000,39800,36100
3,2,0.829,1125,0.018,44600,39600,41400,42200,39500,38300
3,2,0.75,1129,0.0053,45400,35400,40000,41100,36300,32300
3,1,0.5997,1045,0.0471,47500,37000,42100,43200,39000,35100
3,2,0.85,1356,0.0607,60500,39600,48700,48400,40300,36200
3,2,0.6525,1045,0.0445,41300,33300,38800,37200,35900,32000
3,1,0.6208,1138,0.0336,44600,35300,39600,41100,37300,34000
3,2,0.8977,1077,0.0338,42800,36000,38700,37800,34300,33400
3,2,0.6513,1279,0.0319,68900,55000,64800,56600,54200,45200
3,2,0.6725,1248,0.1198,66100,43900,52700,54000,48300,40400
3,2,0.5184,1303,0.0731,39200,28000,33700,35000,32100,25100
3,2,0.6996,1187,0.1355,48800,40700,45000,41800,40400,37800
3,2,0.7787,1105,0.0777,46300,36000,39800,44100,38000,35500
3,2,0.6388,1121,0.0154,42400,35900,41200,37700,37200,32500
3,2,0.8209,1130,0.0315,37500,32500,35500,34900,31500,30800
3,2,0.8379,1184,0.0396,51600,34600,42100,46400,40100,32600
3,2,0.7405,1214,0,45300,33100,38300,39900,35600,31400
3,2,0.8053,1080,0.005,39000,32600,36300,36200,33600,31500
3,1,0.9441,1074,0.1522,39800,33100,36400,36500,34400,30800
3,1,0.7965,1104,0.1378,50700,39900,49300,42500,40500,36900
3,2,0.8218,1093,0.0137,46100,38300,42200,40600,39200,35800
3,2,0.7613,1034,0.1368,49400,38300,44100,42700,40300,34600
3,1,0.936,1084,0.072,40200,32900,36600,37000,34600,30900
3,1,0.8451,1013,0.1482,42600,34400,38500,39000,35400,31800
3,1,0.7028,1030,0.0174,40500,34300,37900,36200,35400,32300
3,1,0.7771,1035,0.0381,38100,31600,36200,34900,33200,29700
3,1,0.7601,1285,0.0838,57800,44200,50300,47700,43600,39900
3,1,0.7444,998,0.0341,40400,33500,37000,36300,32800,29100
3,1,0.8275,1021,0.0474,41800,32800,37500,37900,35000,31200
3,1,0.6966,1035,0.0627,34800,32400,34100,31500,31000,30200
3,2,0.5872,1102,0.0037,46600,41400,47200,43300,44000,38600
3,2,0.7202,1138,0.024,56200,47700,52800,49900,47100,43400
3,2,0.1892,1486,0.2255,98400,69700,74700,78400,64900,61800
3,2,0.7133,1058,0.005,37200,30700,35900,33600,32100,29300
3,2,0.6094,1369,0.962,88500,70800,76100,80900,73700,70700
3,2,0.9872,1062,0.0022,43600,36200,40400,40400,38000,35100
3,2,0.7576,999,0.027,31900,28300,32300,32300,31900,28000
3,2,0.7825,1201,0.0368,51300,44500,50100,46200,46600,43000
3,2,0.8679,1204,0.0811,42600,31600,38000,38000,33500,29800
3,2,0.701,1128,0.4928,49600,40000,42400,43300,39600,37000
3,2,0.8428,1216,0.1739,54400,42200,47100,48500,44300,39400
3,2,0.6296,1199,0.1481,64000,42100,52200,56300,47800,38700
4,2,0.6385,1083,0.0171,42600,36000,40300,40000,38300,34500
4,2,0.7009,1161,0.0349,48400,37300,41300,44700,39200,36600
4,2,0.6319,1118,0.0574,44800,39700,43200,41300,39900,37200
4,2,0.5624,1213,0.0412,50000,38700,44200,46200,42400,37600
4,2,0.6503,1245,0.0376,45400,34500,39400,43000,37600,32600
4,2,0.7207,1210,0.1175,45300,37900,41900,41700,38800,35900
4,2,0.688,1285,0.0378,68700,54300,61200,58300,50400,46800
4,2,0.7416,992,0.0764,42500,35300,39900,39200,37200,34100
4,2,0.5751,1133,0.0377,36800,28900,29000,34400,25800,26700
4,2,0.6,1118,0,38700,32000,33900,35400,30300,30300
4,2,0.5614,1029,0.0282,40200,41400,40400,36200,36300,33400
4,2,0.9268,1043,0.0551,45200,39800,40900,43200,40000,37600
4,2,0.2887,1449,0.149,61000,36700,45800,49100,40900,32800
4,1,0.8934,1221,0.245,56000,44000,49300,50700,45300,41200
4,2,0.5001,995,0,39900,32700,35900,39500,33800,31900
4,1,0.8604,1232,0.1392,62000,47700,56100,51900,47000,42200
4,2,0.9509,1144,0.0527,50200,38200,46400,44600,41900,37300
4,2,0.6509,1222,0.0685,53200,38400,43500,47400,40400,36800
4,2,0.959,1030,0,48000,44000,47300,47000,46800,44300
4,2,0.5518,1125,0.0158,47900,38000,42400,43700,39800,37400
4,2,0.5724,1085,0.0253,48400,43600,46100,45300,44800,42800
4,1,0.8083,1166,0.0617,49700,39600,44800,44600,41400,38100
4,2,0.681,1172,0.0507,40200,36100,37500,38400,35400,36000
4,2,0.6081,1165,0.0704,50500,41500,46400,47300,44000,38800
4,2,0.8386,1178,0.0881,51200,40000,46200,47500,43400,37800
4,2,0.5558,1041,0.006,45500,41200,44100,42900,40600,38400
4,3,0.7185,1027,0.1591,42400,32900,37300,37800,34900,32200
4,2,0.769,1170,0.1046,50600,40700,46800,45400,42600,39800
4,2,0.5379,963,0.0814,46400,36900,41900,42100,39000,32900
4,2,0.8571,1137,0.0041,59500,48500,51400,51300,46900,43600
4,2,0.9747,1215,0.0813,45000,35500,39900,40100,36800,32700
4,2,0.6664,1027,0.029,45100,32100,37400,40200,34200,30400
4,2,0.3933,1008,0,34800,30400,36000,31700,32100,27000
4,1,0.8275,1105,0.0474,40300,33000,36300,37100,34400,31500
4,2,0.4801,1100,0.0822,46900,42300,44200,41800,40000,38300
4,1,0.8157,950,0,27500,21700,25800,24900,25500,19500
4,1,0.9338,1230,0.1201,59300,45100,52300,48800,44600,39200
4,2,0.6384,1107,0.0258,47900,39500,42900,44000,39900,38000
4,2,0.5365,1065,0.0494,43300,36000,38700,40300,36600,34100
4,2,0.6432,1079,0,38800,30600,35300,35500,32500,28200
4,2,0.4847,1105,0.2143,43500,37900,37800,39300,36400,36000
4,2,0.6562,1064,0.0046,49600,45700,44700,42900,40000,41700
4,2,0.8045,1027,0.0236,48100,41600,44900,41500,40200,36500
4,1,0.8721,1105,0.1696,44400,37900,42500,39400,38100,34900
4,2,0.4915,1078,0.0484,42500,41900,43300,38500,40400,40100
4,2,0.9688,1019,0.0959,54000,41200,47600,46400,42700,37800
4,2,0.5247,1018,0.0142,40500,31800,37000,35700,34700,30500
4,2,0.5318,1048,0.0449,45500,37700,42600,40800,37400,33400
4,1,0.938,1159,0.1439,45400,38900,42800,40400,38800,36000
5,2,0.2567,1043,0,41600,28400,37600,31700,32700,25300
5,2,0.7032,1178,0.0102,40700,29300,34800,34900,31500,28700
5,2,0.8925,1189,0.018,50600,43100,48400,45700,45200,42200
5,2,0.3509,1188,0.1441,36300,27100,32100,33700,28800,24600
5,2,0.424,1065,0.0305,48000,30800,35300,40100,32400,29700
5,2,0.6859,1061,0.0134,35400,28700,30500,33700,27300,27300
5,2,0.7632,1334,0.0734,53800,38500,50100,45500,43000,35100
5,2,0.7436,1092,0.0118,38200,28500,35800,35100,32800,27300
5,1,0.8737,1123,0.0665,39300,32700,36300,36100,32800,29800
5,2,0.6733,1145,0.0458,50500,32500,39600,43000,36700,31400
5,1,0.4528,982,0.0803,31300,25600,28300,28700,25700,23500
5,2,0.5846,1114,0.0221,41700,30100,35800,36700,32300,29000
5,1,0.9577,1213,0.1548,54000,43500,51700,45100,43500,36900
5,2,0.4021,1029,0,36500,29900,32700,34600,28600,27500
5,1,0.753,1211,0.1326,48600,38200,42700,41800,39100,34800
5,2,0.567,1050,0,37400,34600,33400,34500,30600,31500
5,1,0.7962,1144,0.08,37000,30000,32600,33100,30400,27200
5,1,0.8667,1173,0.1497,42300,33100,38300,37100,34500,29700
5,1,0.9038,1142,0.1151,41800,35200,38400,37500,35400,32800
5,2,1,1038,0.0285,39000,32100,36000,31100,32400,28300
5,2,0.5899,1046,0,48300,38000,42500,45100,39400,35400
5,2,0.9123,1081,0.0191,58900,46700,54300,49400,48200,41300
5,2,0.6347,1025,0.0345,36400,28800,32100,32100,28800,28200
5,1,0.9545,1136,0.0915,38600,30800,35900,34700,32300,28200
5,2,0.6179,1193,0.0097,52500,32900,41600,44900,37700,31200
5,2,0.4081,1009,0.0232,37900,27600,32400,35400,29100,25000
5,1,0.3107,1026,0.0118,36300,33000,35000,33700,31800,30000
5,1,0.7392,1226,0.1786,60100,45000,52000,50100,44800,40200
5,1,0.8384,1080,0.0698,41000,36000,39700,35700,36100,32800
5,2,0.7192,1087,0.0125,48300,35400,44400,42800,40000,33400
5,1,0.6484,1195,0.2302,49200,38800,45100,41500,40100,35400
5,2,0.6911,1203,0.0019,52300,36000,43400,47100,38300,31700
5,1,0.6224,1124,0.1021,45000,36600,41100,38200,36600,32600
5,1,0.5661,1126,0.1294,43500,35200,40300,37800,34500,31500
5,1,0.9374,1104,0.1617,43800,37200,41900,37500,36300,33600
5,1,0.7546,1124,0.0169,46300,38100,41700,37500,34000,31600
5,1,0.8029,1083,0.0517,39600,35700,39300,34300,34600,30700
5,2,0.4615,1030,0,40700,38700,41900,39500,40100,36500
5,2,0.4844,1085,0,49400,46400,49200,47200,45400,45100
5,1,0.8834,1085,0.1034,42800,34600,38900,37200,35300,31500
5,1,0.4547,988,0.1007,39600,30800,34900,34700,30900,27300
5,1,0.2467,890,0.0503,32100,26800,28300,28600,25000,24800
5,1,0.5087,1162,0.1614,46400,37200,42000,39900,36600,32800
5,2,0.215,1442,0.0736,86300,48400,64000,61700,51600,42800
5,2,0.6408,1126,0.0308,64500,46700,56300,49800,41000,29900
1,2,0.8182,920,0,53100,47200,54000,49000,54100,50000
1,2,0.1579,1444,0.0707,71000,50200,64900,58100,56800,42700
1,1,0.972,996,0.0209,37700,36000,36700,33400,33300,31700
1,1,0.9226,1157,0.2313,48300,37400,42500,42500,38200,33800
1,1,0.7961,1083,0.6018,107200,82000,88000,95600,81300,75200
1,2,0.8074,1128,0.0055,51000,41200,46700,46300,42000,36400
1,1,0.8348,1059,0.0836,44400,35600,40300,38700,36200,33000
2,1,0.8099,999,0.0239,63400,45100,60700,58000,55000,41300
2,1,0.36,950,0.0631,48700,34200,41400,45800,38400,32100
2,2,0.7473,1062,0.9113,68100,53000,54400,63900,44700,47900
2,2,0.6139,957,0.04,46300,46700,44900,42600,41700,36500
2,1,0.3651,930,0.0309,41800,31700,38200,38100,34500,28500
2,1,0.7229,1017,0.0906,47200,33800,41500,44600,39100,31600
2,2,0.1254,1524,0.2822,89300,68000,78400,73200,69300,62700
2,1,0.6021,1255,0.2802,59600,42900,51800,55000,48200,40800
2,1,0.445,1396,0.22,70800,50100,59500,62900,55900,47200
2,2,0.6161,1203,0,41200,30200,37300,37300,33700,26100
2,1,0.3901,950,0.0934,40400,29100,36400,36600,32400,26200
2,1,0.6372,977,0.1722,42600,30300,35700,40500,33200,27900
2,2,0.6423,1085,0.0312,56600,42000,51600,52600,49100,41300
2,2,0.714,993,0.0088,56400,47200,47600,51800,42200,42400
2,1,0.8242,1190,0.1184,55200,38600,44200,52200,42200,38800
2,2,0.5445,1365,0,42000,31600,39500,36900,35100,27200
2,1,0.773,1136,0.0665,55100,41900,49000,50800,46400,40700
2,2,0.6087,1097,0.0659,54600,43800,49000,49600,44700,42400
2,2,0.85,1161,0.0408,54000,36400,46500,49700,44200,35600
1,2,0.7183,997,0,50000,41700,45600,46000,40900,37600
1,2,0.129,1497,0.1366,83300,61600,64800,65000,52600,44100
1,2,0.2418,1347,0,113300,77000,95800,96100,79700,70400
1,2,0.6286,1086,0.0086,44800,37000,40800,42700,38600,34200
1,2,0.6941,1078,0.0044,49400,38100,42500,43800,36800,34600
1,2,0.4415,1319,0.0577,95400,67000,79200,86900,75000,65800
1,2,0.3241,1434,0.057,92500,64900,82200,72500,65900,57000
1,2,0.2511,1401,0.1412,75900,52800,63400,65300,56900,49200
1,2,0.3422,1403,0.0874,69000,47000,57700,57900,49500,41700
1,1,0.8036,1070,0.033,47900,37500,42200,45300,40300,36400
1,2,0.9005,1018,0.0189,51100,44800,48100,45900,42500,39500
1,2,0.8607,1002,0.0079,38100,28700,33900,33500,31600,26900
1,2,0.6776,1049,0.0439,46100,39100,41700,42300,38200,34500
1,2,0.4606,1299,0,51200,38700,46100,46600,42700,37300
1,2,0.7299,1183,0.019,54400,39500,50500,49700,45700,38900
1,1,0.8004,1056,0.0729,47400,37700,43200,45700,41100,35500
1,1,0.6811,1043,0.0505,49000,38100,44400,45800,42200,36300
1,2,0.8889,1189,0.0325,47700,36300,44400,41700,39600,36500
1,2,0.0516,1523,0.2114,139100,91300,123700,89700,84100,70300
1,2,0.8072,1069,0.0029,45700,36400,41600,43000,38900,36500
1,2,0.7261,1123,0.0182,40500,33400,36800,38700,35600,32200
1,1,0.6883,1227,0.3242,57200,45700,52200,53300,47400,41600
1,1,0.5758,1288,0.126,57700,44200,51600,51400,47300,41200
1,1,0.7515,1134,0.0663,53700,42600,48600,48200,44000,39300
1,2,0.8386,1169,0,106500,82200,97800,116000,103300,75700
1,2,0.0717,1532,0.7841,153600,99600,130700,104700,96200,82200
1,1,0.8317,1122,0.5378,96000,75200,84600,86600,77100,66300
1,2,0.5084,1393,0.0855,53900,36800,42000,48600,39400,34600
1,1,0.7663,1085,0.0455,38300,30100,34800,35800,33000,28100
1,2,0.2744,1482,0.216,74200,57800,65800,67400,61100,54400
1,2,0.7949,1033,0.0521,49600,45500,48800,46200,44700,43100
1,1,0.8191,1066,0.0248,47100,39300,43200,43500,40300,36200
1,2,0.6044,1227,0.035,58400,49700,52400,55800,49500,47200
1,2,0.6989,1148,0.0147,48500,40700,45600,45100,42200,38500
1,1,0.8427,1097,0.1818,51500,41100,47200,48200,44200,39500
1,2,0.8355,1102,0.0369,59900,43700,51000,53100,46800,42300
1,2,0.1491,1482,0.2285,103300,56600,84800,75800,65500,51200
1,2,0.2208,1448,0.1028,71800,48600,59700,60800,53200,44900
1,2,0.9187,1181,0.5691,67300,54200,60000,65100,57900,53300
1,2,0.8071,1096,0.2546,61300,46800,52100,54900,48400,44900
1,1,0.8525,1064,0.045,48900,37500,43800,46100,41100,36300
1,2,0.4789,1270,0.0695,55500,38300,46700,47600,43100,36300
1,2,0.7726,879,0.061,37400,32600,37300,37900,36300,32500
1,2,0.1458,1493,0.1295,89800,51400,60000,59000,49400,42600
3,2,0.5973,1070,0.0175,42800,34000,42100,38600,38500,32100
3,2,0.706,1123,0.0104,55700,37600,47000,47400,42500,34900
3,2,0.64,1140,0.0185,46500,36500,41800,42200,39000,34000
3,2,0.5766,1203,0.0554,47800,35200,40600,45200,39800,33300
3,2,0.7451,1143,0.0504,42400,32000,36800,37300,34000,31000
3,2,0.8348,1243,0.1413,48700,38900,45300,44800,41800,36200
3,1,0.6775,1125,0.0634,46200,37600,42400,41900,38500,34100
3,2,0.4774,1017,0,59500,46700,52000,53600,49000,44700
3,2,0.4899,1149,0,50700,37100,42500,44100,39500,32800
3,2,0.6471,1163,0.0342,53700,47000,50000,47100,46700,45100
3,1,0.4474,1046,0.0525,43900,35300,40100,39300,36700,32000
3,1,0.7416,1069,0.1975,49600,40300,46100,44500,41300,36500
3,2,0.7033,1270,0.9219,78500,66100,75700,80500,77500,70700
3,2,0.6737,1069,0.0093,40800,37500,37500,35400,34500,32900
3,1,0.809,1150,0.0808,47200,37700,42800,42800,39500,35300
3,2,0.7363,1240,0.0789,50700,39200,43500,46200,40000,36500
3,2,0.7338,1306,0.063,54400,39600,48100,48700,42800,34500
3,1,0.5816,1148,0.1299,42000,33000,36900,37700,33200,29500
3,2,0.5964,1163,0.552,60500,48100,54200,55300,49600,46300
3,2,0.7433,1053,0.0084,44400,40700,43600,40900,39800,38200
3,2,0.4098,1021,0.041,31600,25800,30200,28700,26900,22900
3,2,1,997,0,39000,35200,37200,35300,32400,31600
3,1,0.265,1436,0.2892,79000,55900,68200,63400,57500,49800
3,1,0.7155,1220,0.1428,63200,45200,52700,53600,47500,41600
3,1,0.7449,1277,0.7217,66800,54000,58400,66400,58200,55200
3,1,0.6428,1187,0.238,56200,41800,46900,48600,40600,37600
3,1,0.6512,1092,0.0834,44500,36800,42300,40600,37100,32500
3,1,0.7437,1082,0.073,39800,32000,35900,35500,32100,28500
3,2,0.6927,1095,0.0145,54900,45700,50600,48900,45700,41200
3,1,0.8441,1141,0.111,48100,39700,45400,43100,41100,36000
3,2,0.6614,1092,0,35200,27000,28200,28600,26700,27200
3,1,0.7384,1101,0.0935,42700,35400,39800,39300,36700,32500
3,2,0.6702,1118,0.0063,45000,38800,41400,41000,36800,34100
3,2,0.3564,966,0,38700,29300,34600,32400,30400,26800
3,1,0.6741,1134,0.0954,52300,37900,44300,40800,37100,32600
3,1,0.8232,1103,0.1121,50500,35300,42400,45000,38200,32300
4,2,0.6458,1085,0.0657,53200,41500,50100,46800,44100,38200
4,1,0.662,1105,0.0657,44000,37000,40400,40600,37700,35300
4,2,0.7912,1126,0.0189,37600,31100,40100,34800,37000,29400
4,2,0.835,1181,0.0232,52600,46100,49600,47300,44800,41100
4,2,0.212,1469,0.1988,67900,43400,52500,54200,45800,39500
4,2,0.616,1213,0.0435,49000,39700,47600,44500,43200,38200
4,2,0.7061,1194,0,37400,29300,36700,37300,33700,25900
4,2,0.6911,1145,0.0151,55500,42800,49500,49200,44900,39600
4,2,0.4058,1405,0.0813,55800,36900,44100,47600,41100,32200
4,1,0.6096,1105,0.1069,48400,38800,44200,44900,41600,37200
4,1,0.4959,1349,0.2076,61200,46000,54400,51900,47500,41800
4,1,0.687,1082,0.021,49100,42500,43000,44800,39500,37200
4,2,0.5853,1141,0,43200,32700,36700,35400,32500,28500
4,1,0.7661,1185,0.1798,56300,40900,49100,47200,44000,38500
4,1,0.6378,1219,0.0954,44400,34900,39000,40700,37200,33700
4,1,0.6039,1123,0.035,44900,36300,40300,40600,37700,34400
4,2,0.9074,1118,0.0137,35800,29700,34100,34600,32700,28000
4,2,0.934,1174,0.0359,43400,35200,40100,38500,37100,33900
4,2,0.8058,1208,0.0294,57000,42300,48300,52600,44500,41200
4,1,0.8578,1065,0.1008,48600,38000,43400,44200,41100,36200
4,2,0.8023,1187,0.0851,67100,49600,56300,60600,50900,45200
4,2,0.6438,1122,0.0557,50400,42600,44700,47800,41400,38300
4,2,0.4322,1312,0.0851,57300,41500,47600,50400,44100,37700
4,2,0.512,1066,0,40100,33400,34300,35100,31200,30300
4,2,0.6825,1141,0.0454,56000,48600,52600,51400,49200,44900
4,2,0.8416,1267,0.1264,62900,48600,56900,56800,52300,45400
4,2,0.7013,1146,0.0021,51100,44300,48400,49200,44500,42700
4,1,0.6163,1065,0.0384,41400,34900,37200,37600,34700,33100
4,1,0.665,1125,0.0502,48600,40000,43100,44700,40600,38400
5,1,0.7861,1005,0.0415,35000,26900,31900,31100,27200,23100
5,2,0.9952,1047,0.0172,29200,29000,31000,31400,31300,28600
5,1,0.8692,1047,0.0019,37600,32400,34400,33700,30600,29100
5,1,0.7173,990,0.0966,33700,27800,31200,30000,28000,25100
5,2,0.4895,1215,0.0265,54500,39400,47400,48100,42400,35900
5,1,0.8391,1225,0.0657,56600,41300,50500,42700,39700,35100
5,1,0.9802,1046,0.0013,38900,33100,33100,34100,28800,29400
5,1,0.8628,930,0.0994,27200,22500,25600,23200,22400,19900
5,2,0.3903,1229,0.0306,44900,34500,41000,38300,36800,31700
5,1,0.624,1195,0.1808,47400,37100,43200,40200,36200,33400
5,1,0.9843,1125,0.0697,42700,33500,38200,36400,34000,30200
5,2,0.7472,1025,0.0326,32400,25300,29500,27500,26900,23100
5,2,0.4882,1179,0.0169,40500,34000,35400,34700,31600,31400
4,2,0.3886,1060,0.0321,49700,39900,41300,44100,38800,37600
4,2,0.7436,1041,0,39200,30900,37800,36800,32200,26300
4,2,0.2135,960,0,30600,25000,28100,29700,24000,23500
4,2,0.9561,1121,0.0579,39500,35000,37300,35400,33700,30900
4,1,0.836,1105,0.1419,42600,35100,38800,38000,35300,32500
4,2,0.6409,1053,0,34700,26300,31000,33500,28600,25100
4,2,0.5466,1040,0.0053,40100,33700,35300,36600,32300,31800
4,2,0.6608,1226,0.016,36200,30400,32600,32200,30200,27700
4,2,0.9935,1102,0.031,40900,32800,36400,35800,33100,30300
4,2,0.9236,1145,0.0253,46300,36200,42300,40800,38100,33100
4,2,0.6719,1158,0,33200,26300,29600,31200,26500,25600
4,2,0.7375,1097,0.0901,47000,37900,43600,41300,39400,34400
4,2,1,977,0,55400,40900,45800,45400,38600,36700
4,2,0.9188,1176,0.01,51100,44100,50400,47200,45800,42600
4,2,0.545,1041,0.0161,39200,31500,36800,35600,34100,29800
4,1,0.9508,1085,0.0586,38100,31300,34200,33300,31300,29500
4,1,0.7809,1249,0.1138,56600,42700,49600,48300,43700,39400
4,1,0.6415,1197,0.1041,57200,44400,50000,45700,41900,38300
4,1,0.8351,1323,0.8297,72400,57200,65400,71200,65400,58700
4,1,0.7594,1197,0.0864,49200,38700,44400,42900,39600,35400
4,1,0.6749,1291,0.055,50500,36000,45600,44500,39900,34300
4,1,0.7411,1124,0.0669,43700,34000,37700,40000,35200,32400
4,2,0.4922,1107,0,33900,27000,31500,30500,29900,24400
4,2,0.1348,1165,0.0477,35300,28800,33100,32500,30500,26900
4,2,0.7246,1198,0.0355,57300,44100,51300,50800,48300,42000
4,2,0.6443,1319,0.1135,64900,47000,54300,56500,50900,45700
4,2,0.24,950,0,32300,27600,35800,27300,30400,26500
4,2,0.7202,1246,0,110600,104500,109700,124100,123500,120400
4,2,0.732,1136,0.0263,37400,31000,37600,33700,33900,28600
4,2,0.5311,1099,0,41000,33600,35700,33900,31200,30200
4,1,0.8455,1145,0.0862,41400,31800,35300,37000,32300,29700
4,1,0.8404,1164,0.0384,44500,34300,40700,39300,36300,32000
4,2,0.1596,1508,0.2508,87900,63400,78500,70100,61300,56500
4,2,0.5356,1164,0.079,47900,38200,45000,42300,38500,33700
4,2,0.9014,1162,0.0652,49800,37100,41500,42700,37000,33200
4,2,0.4763,1226,0.0299,51300,43600,45400,45700,41800,39100
4,2,0.7486,1141,0,40300,33100,37100,36500,35100,31300
7,2,0.7781,1199,0.0741,49200,40900,47900,45900,43200,37400
7,1,0.9238,1201,0.6019,52100,48100,51400,41700,39100,38300
7,1,0.8311,1195,0.2509,48900,38000,43300,43200,38300,33500
7,1,0.9264,1165,0.0536,43300,33900,38700,35500,32400,29300
7,2,0.6438,1099,0.0432,47100,34500,43000,38800,39100,30100
7,1,0.6074,999,0,36700,29300,33700,30400,30400,27000
4,2,0.6207,1125,0,52900,48800,49400,49300,48200,49000
4,2,0.5234,1125,0,53500,47200,50700,51300,50500,47800
4,2,0.7495,1134,0.0229,44100,36700,41300,40100,38400,35100
4,2,0.7201,1283,0.0477,70100,50900,57600,59700,51400,47500
4,2,0.6518,1125,0.065,48200,38300,43500,44300,41500,36100
4,2,0.4591,1010,0,34800,29200,36100,31400,32300,27000
4,2,0.6833,1118,0.031,47500,37100,41800,44400,38700,36300
4,1,0.8175,1105,0.0224,45800,36300,40600,41300,37800,34200
4,2,0.6818,1145,0,50600,47600,50800,48700,49900,47100
4,2,0.643,1039,0.0306,44400,39400,41300,39900,38000,36700
4,2,0.4416,989,0,32500,28400,32000,29200,29700,24800
4,1,0.8653,1125,0.0813,49300,38600,44000,44200,40400,35500
4,2,0.7126,1213,0.015,52500,40200,46000,46000,41700,37300
4,1,0.6438,1235,0.1585,52700,39900,45500,46400,41300,37200
4,2,0.5995,1112,0.0611,47700,36200,43800,40800,39200,34000
4,2,0.4849,1041,0,39000,29400,29100,35400,29300,28400
8,1,0.8107,1100,0.0606,49600,39300,45700,45000,41100,36500
8,1,0.8803,1165,0.1428,56300,41600,48600,47000,42400,37700
8,2,0.6898,1048,0,46600,29000,38500,42100,32500,27300
1,2,0.1045,1483,0.1946,110200,74600,94000,75500,67400,58900
1,1,0.7651,1177,0.1383,57700,44900,50800,51400,47100,42400
1,1,0.8267,1038,0.2143,45800,36100,41100,42400,38100,33900
1,1,0.6056,1135,0.2546,57700,44900,50800,51400,47100,42400
1,2,0.7605,1227,0.0361,63200,49900,56300,58300,52500,49000
2,2,0.6398,934,0.0378,42700,32700,38700,38200,33100,29500
2,2,0.6374,1035,0.0415,48700,36100,42600,44400,39200,32200
2,2,0.87,1014,0.0075,49700,41700,47300,45800,40400,37900
2,2,0.8753,1104,0.0734,54400,42300,48800,48100,44600,38200
2,2,0.7941,993,0.0335,52800,47800,50500,47300,46000,41100
2,2,0.839,1140,0.0345,54400,42300,48800,48100,44600,38200
2,2,0.6886,1015,0.0274,43600,35700,40000,44400,39800,34500
2,1,0.6942,1164,0.1249,55400,39800,49000,50000,47000,38500
2,1,0.9185,975,0.0488,46000,37200,41200,42700,37700,33400
2,1,0.8222,977,0.0427,48400,38000,43400,46100,41800,35800
2,2,0.7394,1088,0.0674,55900,42600,49400,50500,47600,41300
2,1,0.7066,1070,0.0369,52400,38200,45800,49600,43600,36900
2,1,0.6139,1282,0.7269,70300,54800,61000,68500,59400,53600
2,2,0.0641,1500,0.2906,116300,73600,92400,74700,63400,60800
2,1,0.5736,1146,0.0531,56300,43100,49700,53200,47900,41700
2,2,0.6712,1097,0.0398,54100,42200,47000,50600,44300,41200
2,1,0.6933,1090,0.0336,68100,48200,58000,57900,51500,44300
2,1,0.578,1295,0.1968,68100,48200,58000,57900,51500,44300
2,1,0.6424,1090,0.0404,68100,48200,58000,57900,51500,44300
2,2,0.9129,1021,0.0446,50900,38200,43800,45800,40400,33400
2,2,0.7316,1222,0.0149,63700,48200,58300,57200,54100,44800
2,2,0.6457,885,0.0128,49200,39600,44100,43400,39400,33000
2,2,0.4388,1410,0.7869,91900,67900,76400,89200,76100,68600
2,1,0.8153,1105,0.0551,50700,37300,42400,47500,40000,35600
2,1,0.4753,1250,0.1178,64900,49000,57000,58500,53900,49200
2,1,0.9239,1030,0.0337,49100,37300,42600,46600,40000,34700
6,1,0.6045,984,0.0167,34800,29200,32600,29500,28000,25100
6,1,0.4226,1015,0,48200,36700,44000,39700,40100,32700
6,1,0.2168,1259,0.7138,58500,49000,59900,50000,52500,43500
6,1,0.6704,1103,0.0865,43900,32600,39000,36400,33200,28100
6,1,0.6384,1043,0.1833,40300,29700,34800,34600,29700,24800
2,2,0.7312,1164,0.0281,63000,49400,56200,58500,52300,43500
2,2,0.7855,1200,0,114200,94500,112200,124700,125900,112100
2,2,0.6273,1116,0.2244,47300,34900,42400,41400,38200,32000
2,2,0.1542,1430,0.0611,69700,52800,63800,57900,56000,47900
2,2,0.7819,1172,0.0328,51100,37900,44700,47300,42100,36100
2,2,0.6571,1247,0.7374,74200,56400,64600,72000,63500,57700
2,2,0.2814,1443,0.0539,81100,54300,64100,63600,55800,47700
2,2,0.0661,1488,0.2978,115600,77900,95500,83300,74400,66500
2,2,0.7553,1041,0,53100,41300,44000,48000,40500,35000
2,2,0.1305,1424,0.5187,68600,49800,56100,64900,52900,42500
2,2,0.1267,1477,0.2802,101200,76300,86300,77200,72000,64800
2,1,0.2925,1270,0.0671,63600,47500,55000,57200,51100,44600
2,1,0.4043,1130,0.051,48800,36900,43400,43900,39700,33400
2,1,0.4637,1140,0.1994,50900,36800,44800,46300,39800,32400
2,1,0.4018,1205,0.0464,51800,39300,45600,47200,41700,35200
2,1,0.3875,1055,0.0188,50000,33800,40800,44900,37400,31700
2,1,0.35,1035,0.0664,47500,36700,43100,43100,39900,34400
2,1,0.4273,1140,0.0524,52900,37200,45400,48200,42400,34000
2,1,0.4447,960,0.0521,45300,33600,39700,40800,36700,30100
2,2,0.9667,938,0,51700,50600,49600,46400,44800,46200
2,2,0.6895,986,0.0123,52500,44200,50000,46300,43800,38700
2,2,0.4644,1337,0.0719,67000,53600,60200,59200,54600,49100
2,2,0.2422,1452,0.0866,74300,55300,59800,60200,50800,47800
2,2,0.8857,1047,0.0369,49500,38300,45400,45800,42300,33600
2,2,0.6392,1270,0.0396,62700,46500,54900,53500,50100,42700
2,2,0.6395,1237,0.0742,59900,42800,51100,53100,46500,39900
2,2,0.9135,1205,0.0422,42400,33300,38500,37400,35600,30800
2,2,0.922,1090,0.0226,60900,45900,52900,56100,48900,45300
2,2,0.7003,1066,0.0024,46700,42300,45200,43800,39700,38000
2,3,0.9293,1032,0,48900,42300,45200,46000,43800,41700
2,2,0.6395,1171,0.0358,55600,42200,47200,49600,44600,38700
2,2,0.8426,1124,0.0183,58400,41500,51700,49000,43600,33900
2,2,0.8269,1154,0.03,58400,41500,51700,49000,43600,33900
2,2,0.7539,1169,0.3624,70800,54000,61800,65000,60500,54200
2,2,0.7953,1149,0,45500,34000,40500,41400,36500,31200
2,2,0.7453,978,0.0089,44200,35400,40700,39400,35900,31800
2,2,0.7603,1148,0.0088,64100,55400,60900,60500,60300,53100
2,2,0.9338,1081,0.089,51700,42900,47900,51600,45900,39400
2,2,0.9109,981,0.0094,61000,46200,54500,54400,48000,40100
2,2,0.6757,982,0,38400,37500,36300,33900,31800,32700
2,2,0.6151,1223,0.0686,55200,41300,48800,44500,41700,37500
2,2,0.2766,1408,0.1177,78600,55900,68700,61900,56700,48900
2,2,0.842,1121,0.0244,45300,37000,43100,42800,40700,35300
2,2,0.7693,1139,0.3007,68100,45500,57800,55100,46900,39100
2,2,0.3333,1058,0,53300,40100,50200,52200,44100,38000
2,2,0.984,995,0.0035,46700,38500,44700,41300,37700,32200
2,2,0.7956,1144,0.089,66800,47400,57500,60300,52600,42400
2,2,0.568,1201,0,48900,40200,43200,43400,40900,38900
2,2,0.4317,1405,0.7766,86000,66700,73400,82000,71600,66100
2,2,0.6887,1144,0.0077,45700,39100,43400,40900,39500,33700
2,2,0.5672,1315,0.5001,67800,50600,58700,62400,54100,46500
2,2,0.3421,1410,0.2592,74300,49300,60400,61200,51800,44800
2,2,0.7053,1140,0.0173,52700,37700,43500,47700,39600,37100
2,2,0.6321,1043,0.0425,50300,37700,44300,45700,40200,32500
2,2,0.4833,1301,0.0854,60100,43400,50000,50100,43800,39500
2,2,0.7799,1002,0.0547,50500,36400,44400,46900,42600,34400
2,2,0.5319,1342,0,48000,31400,39800,43000,36900,28900
2,2,0.2452,1330,0.0463,57000,41900,52300,49700,45200,38800
2,2,0.6768,974,0.0413,53900,41600,47200,50400,44100,39000
2,2,0.6453,1158,0.0247,52500,43400,50000,47800,46600,40100
2,2,0.6773,1171,0.0386,62400,48100,54300,55200,48400,41100
2,1,0.6766,1049,0.2038,45500,34600,41100,41800,38100,32900
2,1,0.7859,986,0.0913,39600,31500,34700,35700,31000,27700
2,1,0.9427,975,0.0666,39500,29700,34100,35000,32000,27200
2,1,0.5903,1061,0.1677,55800,44800,49800,51700,44300,41300
2,1,0.7152,1013,0.0752,38400,29800,35000,35200,32000,26900
2,1,0.5401,1173,0.1126,57600,41000,48500,51500,44900,38700
2,1,0.4036,1365,0.1599,68100,47700,57100,61600,53200,45300
2,1,0.5734,1197,0.1965,62100,46100,54400,52600,47500,40800
2,1,0.4219,1322,0.218,62600,44000,52800,57600,48800,39300
2,1,0.5215,1235,0.1361,49800,36000,42200,45600,39200,33100
2,1,0.6247,1150,0.4931,55900,45200,48200,51000,43900,40300
2,1,0.5318,1099,0.0402,45500,36200,41300,42600,39200,34000
2,1,0.5756,975,0.0877,42200,33700,37800,39800,35900,31500
2,1,0.4793,1137,0.0075,49200,38100,45000,47000,42500,36000
2,1,0.6491,1103,0.0471,44700,32900,38500,41700,36900,31400
2,1,0.7236,1229,0.0434,53400,39400,47600,48800,44300,37100
2,1,0.443,1191,0.059,48700,36000,42000,45000,40200,34000
2,1,0.5952,1124,0.0207,46700,35600,41300,43400,39000,33800
2,1,0.5365,1162,0.0328,47100,35800,40500,43900,38000,33200
2,1,0.7401,1119,0.0183,41300,31300,37600,35200,33300,27100
2,1,0.7822,1028,0.0321,47500,37200,43300,44300,39500,34100
2,1,0.529,1126,0.0393,46200,34800,40500,42400,37600,32800
2,1,0.695,1179,0.393,86200,66500,68900,82800,63800,61200
2,2,0.4688,1277,0.1643,69200,48700,57500,62100,53200,45900
0,1,0.2216,1269,0.5465,98600,78600,91500,88100,75200,65200
2,2,0.2378,1429,0.065,61500,39400,48700,54600,44600,36100
2,3,0.7236,1139,0.0873,47800,34800,42500,41800,38100,29900
2,2,0.6282,1272,0.0257,78800,48500,58000,58500,53300,41300
5,1,0.7,1198,0.0414,43600,34300,38100,38800,35200,33000
5,2,0.3891,1045,0.0082,39400,31800,36300,38100,34200,30900
5,2,0.9919,1065,0.0137,44400,34600,38900,38200,36700,32800
5,2,0.8893,851,0.0274,32700,23200,27600,30600,24100,20900
5,2,0.8421,1038,0,49900,43000,49500,48600,49600,41600
5,2,0.8058,1113,0.0683,58000,38700,48600,45900,39500,34900
5,2,0.424,1030,0.0266,42700,31900,38200,39400,34900,30300
5,2,0.6004,859,0,36200,26300,30500,34300,29600,24700
5,2,0.2024,1423,0.0573,71100,49400,63400,58900,51400,45500
5,2,0.0986,1488,0.2607,114500,93200,103200,84400,77400,76300
5,1,0.7902,1105,0.0917,45800,37300,41700,40500,37800,34900
5,1,0.5981,936,0.0849,32200,25100,28400,30400,25700,23700
5,2,0.6653,1262,0.0431,58700,47100,52800,51900,48000,42200
5,1,0.6756,955,0.025,34600,27500,30600,31200,28600,24800
5,2,0.527,1102,0.0425,41600,35100,37700,38700,35700,33200
5,2,0.4069,1023,0,41000,30100,36400,36900,34100,29900
5,2,0.8066,1161,0.0243,42900,38000,40700,39000,37300,36900
5,2,0.381,868,0.0893,31400,26200,28400,28400,26100,24600
5,2,0.739,1070,0.0201,43600,33700,38200,38500,36200,32900
5,2,0.3724,822,0.0523,26100,21300,26000,23400,24600,19800
5,2,0.8104,825,0,30000,22700,27800,26900,24900,21000
5,2,0.5822,1010,0.0402,33800,30400,33200,31500,31700,28400
5,2,0.6891,1111,0.0407,43500,34300,37100,39500,36200,33800
5,2,0.572,1050,0.0675,43700,32800,41000,39300,36500,31000
5,2,0.6515,1040,0.018,42500,37200,42500,37000,36100,32600
5,2,0.491,988,0.0026,43700,38000,40700,39500,37200,34500
5,1,0.6223,1010,0.2104,39300,31700,35500,34700,31500,27600
5,1,0.8039,1191,0.1037,38800,30000,35000,34500,31800,28400
5,1,0.244,1393,0.0846,68800,49900,60800,55600,49000,41000
5,1,0.6584,1187,0.1842,50300,38600,44800,44000,40500,35900
5,1,0.7804,1114,0.0412,40900,33100,37400,37500,35000,32100
5,1,0.8281,967,0.0107,35300,28700,31400,32900,28600,26800
5,1,0.3264,1198,0,46700,28100,36700,35500,30000,23800
5,1,0.5136,1331,0.3203,59500,45000,50700,52500,45600,41200
5,2,0.5297,967,0.0801,41900,34800,37700,38600,34200,30800
5,1,0.6652,1225,0.0383,46600,36900,41900,41600,37700,35000
5,2,0.5908,1033,0,36900,32200,32300,36000,32200,28600
5,1,0.8074,999,0.0369,36400,28900,33200,34400,31200,27500
5,2,0.6602,997,0.0366,45000,35700,39700,39200,36000,33200
5,2,0.7916,1132,0.0099,49400,42200,43300,42200,40600,40900
5,2,0.5344,980,0,33000,24900,31600,30800,25600,24500
5,2,0.7611,834,0.0511,30000,23800,26000,27300,23800,21500
5,2,0.5684,1211,0.0279,37400,29800,33900,36300,34700,30900
5,2,0.4123,1005,0,40100,31900,35600,37200,33700,29800
5,2,0.7936,1275,0,29500,21400,25400,25600,23400,19500
5,2,0.9324,1045,0.0296,55700,36000,48600,43200,38400,33200
5,1,0.6657,943,0.0265,37200,31600,33800,33200,30600,27800
5,1,0.3884,1095,0.0763,41300,33400,36800,37700,34700,31900
4,1,0.9897,1042,0.0557,49300,42300,49000,41700,41900,38400
4,2,0.6525,1075,0.0706,49600,39600,44500,43800,41500,36800
4,2,0.7635,1160,0.0161,53000,46700,50100,48000,46300,44300
4,1,0.481,1045,0.0175,43300,35700,39000,39300,35400,34000
4,1,0.6897,1090,0.0358,46900,38300,43300,41200,40100,36900
4,1,0.8348,1165,0.1608,57800,45400,53600,48700,46800,41700
4,1,0.9159,1166,0.2006,55500,45200,51900,48200,44900,40400
4,2,0.4236,1070,0,31700,26900,32900,27000,29500,25000
4,1,0.763,1045,0.0355,41700,37500,42500,39300,37700,36400
3,1,0.9255,1125,0.2232,41800,33900,38500,36500,35000,30700
3,2,0.4544,990,0,30100,25700,25500,25800,25200,22400
3,2,0.7351,1121,0.0076,42900,36000,40000,40400,37700,34300
3,2,0.8824,1085,0,57900,50700,57100,60500,55200,54700
3,2,0.4884,1057,0.0443,41700,35500,40600,39000,37600,33700
3,1,0.732,1088,0.0651,45300,33500,39300,40500,36400,31500
3,2,0.6865,1195,0.0275,48400,36400,42400,44000,39700,34900
3,2,0.3312,1441,0.4503,89300,69900,79300,74600,66400,59600
3,2,0.7145,1246,0.1364,46800,38200,44300,41300,39100,35200
3,1,0.4801,868,0.105,28600,23000,25100,26100,24000,21900
3,2,0.8811,960,0,36800,31100,32300,32700,29700,28500
3,1,0.7649,1230,0.1351,49700,39600,44400,42300,38700,35800
3,2,0.5423,1144,0,41600,32900,37900,36600,35200,28100
3,1,0.9006,1104,0.1415,46400,37200,42000,41300,38100,34100
3,2,0.7168,1254,0.2738,61400,48300,55800,55100,51700,44600
3,2,0.5648,1003,0.0621,46500,32900,39500,41000,37100,31900
3,2,0.3724,1335,0.0427,57600,41600,50900,48800,45400,38900
3,2,0.7508,1171,0.077,49100,44200,53100,43200,43000,36300
3,2,0.4464,1065,0,50700,47300,48200,52600,48500,48200
3,2,0.7606,1088,0.0381,45700,33600,37800,39300,35100,31300
3,2,0.6353,1066,0.0382,46900,36300,42500,42700,38900,33500
3,2,0.8503,1161,0.0612,61100,40500,51400,53800,47100,38400
3,1,0.8751,1142,0.0443,42400,33500,38500,38000,35200,31000
3,2,0.3384,1403,0.0223,54500,39100,49500,48700,42500,36500
3,2,0.2836,1138,0,60200,47500,57200,54500,52700,48800
3,2,0.6045,1036,0.0336,40600,32500,35100,36200,32300,31200
3,2,0.9667,1059,0,41300,36500,38000,36500,35000,32600
3,2,0.6599,1082,0.0188,48100,39800,44200,41700,38700,34600
3,2,0.6703,1117,0.3952,57700,45400,46500,45800,37700,34800
3,1,0.682,1332,0.1105,55400,40800,48800,47100,43800,37400
3,2,0.9932,1065,0,58100,54900,56700,57700,56900,55500
3,2,0.8109,1121,0.0945,48600,36600,44600,42900,40200,34400
3,2,0.7674,1102,0.0387,50000,39300,45000,43600,39300,35400
3,2,0.7325,1097,0.0041,44600,36100,40600,41400,37300,34400
3,2,0.7439,1077,0.0425,43500,34400,38500,39600,35200,31900
3,2,0.8948,994,0.006,43900,37000,37900,42600,35900,34800
3,2,0.3372,1388,0.0577,45500,30700,41300,40800,34900,27400
3,2,0.7716,1086,0.0192,47100,37400,43900,41000,39200,34900
3,2,0.661,1215,0.265,72600,59600,65600,63500,55800,51400
3,1,0.4806,1359,0.1769,53600,41500,47400,46100,41900,37900
3,1,0.7393,1183,0.0593,45800,35900,41200,40500,37200,32700
3,2,0.764,1179,0.0221,46900,37200,41900,43100,38900,35200
3,1,0.6891,1068,0.0952,37500,28600,32500,34200,29800,26000
3,2,0.8318,1209,0.0492,42700,34800,40200,37700,37300,31900
3,1,0.9435,1142,0.241,52800,37900,45100,43800,39600,33400
3,2,0.7105,1025,0.0186,40400,34200,37300,35200,34300,30100
3,2,0.9333,1068,0.0065,50400,43700,46500,47800,46700,43100
3,2,0.7923,1140,0.0318,48300,40900,47500,43500,42600,38100
3,2,0.4829,872,0.0505,38400,27300,31100,34200,27600,23900
3,2,0.8415,1086,0,41900,33000,37600,40000,34300,31400
3,2,0.5644,1280,0.0445,53000,34300,45700,46300,41700,33300
3,1,0.9677,1107,0.1878,46100,34500,39300,39500,35900,31800
3,1,0.9946,1041,0.2595,46100,34500,39300,39500,35900,31800
3,2,0.7391,1195,0.0187,58200,44800,50400,51600,47300,40700
3,1,0.6363,1104,0.1714,40200,32200,37200,35900,32800,28500
6,2,0.7285,890,0,37000,29400,34300,34500,31200,27200
6,2,0.6231,1048,0,53500,50500,49900,50900,43700,45400
6,1,0.7552,1085,0.0436,44900,36900,40900,38800,36700,34000
6,1,0.4802,1045,0.0383,42200,33200,38500,36800,34200,30700
6,2,0.4057,1010,0,38700,30500,35900,34500,32900,26500
6,1,0.9569,1083,0.0656,41000,33500,36500,35800,34000,31800
6,1,0.8304,1025,0.0288,41700,34600,37800,36400,33600,32500
6,2,0.6281,1146,0.1834,43300,36300,36900,38500,34100,32300
6,1,0.7428,1206,0.1825,55300,42600,50500,46500,43700,38300
6,2,0.6472,1126,0.0278,45000,33500,38100,40500,34300,32200
6,2,0.717,1219,0.0062,51100,40700,46600,42800,39400,35300
6,1,0.74,1254,0.1698,61900,48600,56000,51100,46500,42400
6,2,0.9334,1133,0.065,43100,33600,38700,37600,34100,29900
6,1,0.5214,1063,0.0185,36400,30400,36100,32000,31700,27500
6,1,0.724,1045,0.2398,41000,34300,37000,35800,33700,31700
6,2,0.7704,957,0,32300,28400,32900,29300,29200,24200
6,1,0.9197,1065,0.0754,48200,39400,44900,39300,36300,33000
6,2,0.3895,1335,0.3458,60500,50400,57300,48500,44000,39800
8,2,0.4864,1048,0,49100,44600,44700,43300,39700,38900
8,1,0.9773,1043,0.0168,44100,36000,39900,41200,35700,33500
8,2,0.8189,1167,0.0947,51000,42200,45600,45100,40500,36200
8,2,0.7137,1330,0.0649,55000,35900,47600,46200,42300,32100
8,2,0.8077,1126,0.0639,60300,52100,58700,55200,53400,47300
8,2,0.688,1028,0,45700,37300,43400,43100,37300,32800
8,1,0.6142,1141,0.3768,57800,52900,55800,56600,55700,54400
8,1,0.7884,1197,0.262,56700,42700,49000,49600,43500,37700
8,1,0.8281,1193,0.0277,51300,39800,47000,44800,40800,35600
8,2,0.8449,1180,0.0158,51400,35800,43700,46600,39800,33400
8,1,0.9244,1105,0.1001,50800,38400,44400,44700,40000,34500
8,2,0.6954,1239,0.2111,62500,54900,57200,58800,53500,53800
8,2,0.3563,1427,0.0664,52700,34800,41000,42200,33600,30400
8,1,0.7848,1049,0.0381,43400,32100,36100,39000,32900,29400
8,2,0.3299,1145,0.0094,40200,33100,38200,37600,34600,29700
2,2,0.6789,1238,0.0582,56800,37700,46600,50900,43400,34700
2,2,0.7379,1137,0.0264,54700,43000,51500,49700,46300,39800
2,2,0.7081,1052,0.004,47300,38500,42800,44500,40800,36000
2,2,0.6229,1160,0.0519,48000,36300,43500,44100,39800,34300
2,1,0.7325,1063,0.0332,48100,38200,42600,44500,40600,35900
2,2,0.3801,1415,0.1144,61000,41900,51300,54600,50100,43100
2,2,0.3108,1353,0.2272,82400,62400,73700,70800,68700,57700
2,2,0.7321,1073,0.0401,49600,36700,43800,46600,42700,35300
2,1,0.961,1005,0.0745,44800,35100,39800,41600,37100,32300
2,2,0.9164,1005,0.0061,44200,40400,42900,39700,38800,36700
2,2,0.222,1506,0.4782,103000,84000,92200,83600,76100,69800
2,2,0.6333,1069,0.0029,48700,40900,42600,46700,40900,39100
2,2,0.9572,1060,0.0378,46800,33800,40500,43600,38100,33300
2,1,0.9549,1024,0.0504,40600,33200,36800,37900,34000,30600
2,2,0.664,1070,0,44700,36200,40900,42100,37000,34600
2,2,0.7904,1269,0.2918,78000,54400,67400,68800,60400,53400
2,2,0.717,1221,0.0526,68200,54500,61100,58500,52000,48700
2,1,0.8356,1018,0.0369,47200,35300,43100,44600,40600,33500
2,2,0.6561,1106,0.0107,48100,36700,44100,42500,39000,33600
2,1,0.9253,1029,0.057,38100,29000,33300,35400,31200,26000
2,2,0.7402,1181,0.188,55000,44800,50100,51300,47100,42900
2,2,0.799,1119,0.1255,55100,43800,50600,48100,44400,38400
2,2,0.6901,1110,0.1555,43300,35600,40800,38700,36100,33000
2,2,0.9377,1021,0.0072,56500,48000,51700,54300,49500,46000
2,2,0.2005,1472,0.1081,75100,44100,52200,60700,45500,38000
2,2,0.7075,1005,0.0093,54300,43600,48800,52700,47100,40400
2,2,0.8294,1053,0.0138,54700,51300,51800,50600,46100,46100
2,1,0.9082,1016,0.0614,44200,33400,38500,40800,36000,31600
2,1,0.8314,1056,0.0263,43900,34200,39100,41600,37200,32800
2,2,0.9657,1045,0.0942,42800,35900,41800,40400,38400,33200
2,2,0.3081,1363,0.3119,80500,58400,68500,68600,62300,56400
2,2,0.7181,1070,0,37900,31300,32600,34300,29500,29000
2,2,0.73,1162,0.0101,48500,42100,47800,45800,44900,40100
2,2,0.2515,1382,0.4408,94100,67300,77000,81900,71700,66200
2,1,0.7968,970,0.0896,36200,26900,30000,34600,28600,25600
2,1,0.8904,1004,0.0442,43400,34000,37500,41500,34700,31600
2,2,0.6403,1105,0.0352,49400,36400,41200,45700,37400,34100
2,2,0.9255,885,0.0254,41300,34200,36700,38100,34500,31100
2,1,0.8919,1035,0.0801,41300,33300,38600,38600,35800,31100
2,2,0.7512,1033,0.0112,43200,36500,39200,39600,35800,34000
2,2,0.7701,1212,0.1387,50500,38200,42000,45100,39700,37000
2,1,0.7949,1065,0.1506,46000,35600,40600,43500,38300,34400
2,2,0.7879,1127,0.0357,54400,45100,49200,50400,47200,42700
2,2,0.5407,1140,0,36600,29000,33500,33300,29500,27200
2,2,0.7597,1121,0.0451,55100,42600,48900,51100,45700,40800
2,2,0.6087,1030,0.0187,43200,33700,39200,40800,36500,30900
2,2,0.4836,1270,0.0461,65300,45400,56100,59400,52400,45200
2,2,0.9628,978,0.0111,47200,38800,42000,44300,39600,35700
2,1,0.8891,1158,0.3541,57200,43600,51200,50100,45800,40100
2,1,0.7676,1086,0.2706,57200,43600,51200,50100,45800,40100
2,1,0.7428,1029,0.0187,57200,43600,51200,50100,45800,40100
2,1,0.8245,1078,0.4157,57200,43600,51200,50100,45800,40100
2,1,0.7792,1037,0.0974,57200,43600,51200,50100,45800,40100
2,1,0.8534,1105,0.1204,57200,43600,51200,50100,45800,40100
2,1,0.9225,1099,0.2764,57200,43600,51200,50100,45800,40100
2,1,0.8131,1101,0.2319,57200,43600,51200,50100,45800,40100
2,1,0.857,1094,0.2654,57200,43600,51200,50100,45800,40100
2,1,0.8375,1154,0.363,57200,43600,51200,50100,45800,40100
2,1,0.8703,1083,0.0925,57200,43600,51200,50100,45800,40100
2,1,0.8387,1095,0.252,57200,43600,51200,50100,45800,40100
2,1,0.8214,1037,0.0957,57200,43600,51200,50100,45800,40100
2,1,0.9352,1040,0.0834,57200,43600,51200,50100,45800,40100
2,1,0.5031,1269,0.2737,57200,43600,51200,50100,45800,40100
2,1,0.8187,1074,0,57200,43600,51200,50100,45800,40100
2,1,0.7476,1072,0.1017,57200,43600,51200,50100,45800,40100
2,1,0.8523,1097,0.1015,57200,43600,51200,50100,45800,40100
2,1,0.7555,1007,0.036,57200,43600,51200,50100,45800,40100
2,1,0.825,1161,0.2947,57200,43600,51200,50100,45800,40100
2,2,0.093,1506,0.1605,131600,91200,107800,85900,76700,71600
2,2,0.5966,1136,0.0813,54800,43500,50400,51200,46700,42100
2,2,0.9855,1046,0,38700,30600,36000,34800,32600,28000
2,2,0.6076,1227,0,92400,74900,87500,91600,88600,68400
2,1,0.5436,1077,0.1041,61200,44300,50000,53900,44600,39500
2,1,0.7327,1101,0.0255,61200,44300,50000,53900,44600,39500
2,1,0.7598,1105,0.2663,61200,44300,50000,53900,44600,39500
2,1,0.5971,1349,0.1979,61200,44300,50000,53900,44600,39500
2,1,0.6311,955,0.069,61200,44300,50000,53900,44600,39500
2,2,0.6486,1091,0.0677,42400,32800,38300,37100,34500,30000
2,2,0.2679,989,0,60400,52200,54100,63800,57100,56500
2,2,0.8332,1127,0.1827,53100,40400,48000,47700,44800,38400
2,2,0.6961,993,0.0105,46700,36700,42600,44700,38200,31900
2,2,0.7574,1147,0.0442,57400,48900,52400,52200,47000,44800
2,2,0.7718,1209,0.0131,65900,49600,58700,59600,55000,48400
2,2,0.6193,1122,0.1241,52100,40800,44700,47600,40600,37700
2,2,0.7479,1198,0.0339,62300,47400,56000,57500,52600,45100
2,1,0.8355,1049,0.0436,48200,35800,42200,45000,40100,34300
2,1,0.7149,1081,0.1262,44800,36300,40900,41700,37500,33900
2,2,0.107,1473,0.248,70000,44500,56800,56700,47300,38300
2,2,0.6287,1012,0.0271,41700,34400,37900,37600,34200,31900
2,2,0.7821,1234,0.0466,61800,42000,50700,55200,49700,39900
2,2,0.36,1409,0.2015,87600,64700,75900,77900,69700,62600
2,2,0.9534,1065,0.0389,51200,43800,48200,45300,42800,39500
2,1,0.685,1131,0.0342,51200,39500,44400,48400,43300,37900
2,2,0.7248,1124,0.0526,47200,36000,45100,43200,42000,34200
2,2,0.6543,1104,0.1796,59100,47500,53600,53400,50700,45300
2,2,0.7531,1137,0.1616,58600,47200,54000,51600,47300,41400
2,2,0.5877,1032,0,34000,29400,32200,33100,29800,29000
2,2,0.699,1101,0.0811,52200,40100,47300,50400,45100,38100
1,2,0.0849,1494,0.271,89100,64800,76500,67500,57800,52500
1,2,0.5152,1274,0.0289,73400,51800,60400,64100,55100,48700
1,1,0.7359,984,0.0278,43900,35900,40700,41400,38300,33600
1,1,0.7006,1152,0.121,58400,42500,50700,52900,46200,39400
1,2,0.3193,1276,0,56400,42600,49200,51100,44900,40300
5,2,0.7907,1149,0.0191,38400,31000,35300,35200,33400,29900
5,2,0.5632,1061,0.0379,40600,32400,36300,36900,32000,30100
5,1,0.8045,1176,0.0436,48700,36400,43100,40700,37700,33000
5,1,0.8107,1123,0.2228,59600,44700,52500,56800,50000,44600
5,2,0.4117,958,0.0383,30700,27200,28500,28500,26100,25300
5,1,0.4718,1338,0.275,58900,48100,53900,52400,48000,43600
5,2,0.617,999,0.0174,37100,29300,31700,32800,29200,27300
5,2,0.2825,1008,0,31400,27900,29400,29900,26400,25100
5,2,0.8682,1009,0.0252,36200,28500,31700,34600,30000,27400
5,2,0.7126,1112,0.0155,34800,26900,29500,33900,28900,26400
5,2,0.5452,1061,0.0396,41500,33400,36600,37400,34200,29700
5,1,0.6005,1003,0.0303,36900,32100,35100,33100,31500,28300
5,2,0.6118,1319,0.0454,59700,41400,50500,51200,45000,38400
5,1,0.4757,1022,0.0385,38100,31400,34900,34200,32100,29100
5,2,0.5045,1019,0.0694,41600,34900,37100,37400,33600,31800
5,2,0.5833,1017,0.0221,37600,32900,36400,36900,31800,29600
5,2,0.6085,1136,0.0067,36200,27800,32600,34400,30700,26600
5,2,0.6517,1159,0.0136,50800,42400,44200,44500,41100,35000
5,1,0.5294,1033,0.0121,40800,34200,37200,37100,34000,31000
5,1,0.6445,1010,0,40400,33800,35200,36800,32100,30900
5,1,0.7231,1282,0.1102,53900,43900,49900,44900,42500,38000
5,1,0.6476,991,0,53900,43900,49900,44900,42500,38000
5,1,0.5882,875,0,29200,24900,27700,26600,25900,22600
5,1,0.6933,984,0,39400,29900,32600,34300,30600,26200
5,1,0.7453,887,0,35400,24000,28400,32800,25900,22800
5,1,0.6119,1089,0.0389,44500,33500,39900,38500,36000,30900
5,1,0.7826,898,0.1344,32500,25000,29800,29800,25900,22300
5,1,0.5784,1010,0.084,41300,36400,39600,36900,36200,33200
5,2,0.611,919,0,35000,26000,30800,32900,29200,24300
5,1,0.7339,1101,0.0258,39800,31300,35600,35900,33900,30200
5,2,0.6907,1312,0.0321,59800,43100,54000,51500,48500,39800
4,2,0.678,1245,0.0668,49500,38800,42400,43700,40300,37700
4,1,0.8695,1065,0.0367,40500,31300,35900,35900,32700,29900
4,1,0.8436,1123,0.4233,43100,35400,39700,38700,36100,33300
4,2,0.7604,1096,0.0094,40900,35600,37500,37200,34400,35000
4,2,0.6652,1085,0.0357,39400,34600,38700,36600,35900,32500
4,1,0.8783,1083,0.0028,37300,33400,37000,35300,33900,32100
4,2,0.9628,1019,0,38100,38600,39800,34700,37300,35600
4,1,0.8339,1267,0.8255,62400,56400,61100,56500,60000,53200
4,1,0.9137,1144,0.1304,50200,41100,45600,44400,40600,37900
4,2,0.9201,1124,0.0222,44800,38800,41600,40100,38800,36100
4,1,0.8691,1125,0.021,49500,37100,44500,42000,39700,35200
5,1,0.9013,1085,0.0689,38800,31400,35000,34900,32100,29200
5,2,0.5372,1155,0,56000,47100,55100,57000,54600,50100
5,2,0.8119,1256,0.0094,51500,37100,44700,44100,38800,34600
5,2,0.9359,970,0.005,43100,37800,39800,38600,34500,33100
5,2,0.5434,1137,0.0042,44500,39500,42500,41300,38300,34300
5,2,0.6736,1130,0.0128,41300,33900,38000,36000,34900,31500
5,2,0.5263,1180,0.1849,50000,36600,44400,44200,41100,33100
5,2,0.5408,1066,0.0055,43000,37200,39200,38700,35700,34600
5,2,0.6043,1239,0.0873,51500,37800,43800,43200,38100,35900
5,1,0.8547,1122,0.0679,40600,32700,37100,35100,33400,29500
5,2,0.4541,1014,0.0435,36300,26000,34900,35000,32000,24400
5,2,0.9532,1208,0.0394,41100,31500,39500,37100,35800,30800
5,2,0.6364,970,0,32700,23800,28600,30300,26100,23000
5,2,0.9798,1107,0,31700,28200,29100,29800,26200,27100
5,2,0.5141,1084,0.09,50300,44100,47300,43500,40800,40400
5,2,0.4847,845,0.0305,27500,21500,24500,25400,22100,20400
5,2,1,845,0.0486,30200,23800,28900,28400,25800,20900
5,2,0.8504,1176,0.0197,37800,30000,35100,34200,32100,28200
5,2,0.6534,1098,0,41600,34300,37800,38200,35200,32800
5,2,0.987,1045,0.0044,36300,28200,31100,32700,30700,27200
5,2,0.4927,1138,0.0521,44000,31800,37900,39000,34300,31000
5,2,0.5404,1125,0,28300,22800,24000,27100,19600,20400
5,1,0.8482,1106,0.0661,43200,35100,39000,37400,34800,31700
5,1,0.5935,1124,0.0569,44400,33600,39200,38700,35600,31200
5,2,0.3146,1030,0,39000,29000,36900,31800,30400,27000
5,2,0.5105,1362,0.0394,64800,40800,54500,53600,48500,37100
5,2,0.5991,1059,0.0182,43700,34300,38600,38500,34000,32400
5,1,0.8279,1164,0.1111,42600,33900,39000,38100,35200,30900
5,1,0.7697,1280,0.1418,56700,41600,51000,45100,42400,36900
5,1,0.6151,1125,0.043,40100,30800,35400,36200,32800,29000
5,1,0.644,1192,0.2464,46700,35400,40300,40500,36100,32800
5,2,0.7038,1121,0.0424,49000,40700,43600,40500,37100,36900
5,2,0.8864,1029,0.0088,42500,34400,38000,38300,34700,31500
5,2,0.5998,1243,0.0378,49600,40900,44000,43200,38500,35500
5,2,0.1085,1515,0.2302,86200,61900,78000,69000,60500,53400
6,2,0.5806,1145,0.048,48900,38900,42400,43000,40100,35600
6,1,0.7359,1003,0.0552,46300,36100,41400,40200,36800,32700
6,2,0.5216,1255,0.0631,52800,39900,46700,48200,44600,37600
6,2,0.3895,1320,0.0684,58400,46600,51200,51600,47400,42600
6,2,0.8878,1063,0.0291,51300,41200,49000,44500,44600,38400
6,1,0.6046,983,0.073,48600,39100,44500,43400,40700,35800
6,2,0.3942,1122,0.0132,49200,42900,44800,43200,41200,38600
6,2,0.4009,1026,0,45500,33000,41800,38900,39900,29500
6,2,0.4745,1278,0.015,51400,37400,50200,47400,43500,36500
6,2,0.5442,1045,0.0086,43600,34800,41400,40500,36100,33400
6,1,0.5385,1071,0.0581,39200,34800,37500,35900,34500,33200
6,1,0.3454,1050,0.0485,41900,36000,38300,39300,36300,34500
6,2,0.8177,1074,0.0184,48300,40200,43200,43300,39100,36800
6,2,0.6901,1114,0,52300,39400,48000,45800,46000,35500
6,1,0.7225,1119,0.0665,52900,45500,49200,47900,46700,44500
6,1,0.8408,997,0.0627,49300,42500,45100,45000,42900,39700
6,1,0.6111,1202,0.1901,60600,47100,55000,51600,48300,43100
6,2,0.5917,1036,0.0205,40500,34000,38700,37600,35200,31100
6,2,0.2981,947,0.0385,34200,29900,30700,30800,28200,27700
6,2,0.9385,1028,0.0404,52500,41000,49100,46500,43200,37100
6,1,0.8165,1045,0.1572,46000,37200,42000,39500,36000,32200
6,1,0.4959,996,0.0525,46700,36000,41400,45800,39600,32700
6,2,0.4708,1190,0.3117,56800,47300,50100,48200,44500,42500
6,2,0.9407,1091,0.0418,50500,38700,45300,41800,38900,34900
6,2,0.7884,1108,0.0414,48700,38600,42200,44200,39700,37400
6,2,0.4335,1015,0.024,46400,36200,41300,41000,36500,33600
6,1,0.814,1034,0.0641,47000,42400,45900,41100,40400,37700
6,1,0.7241,1167,0.0738,49300,39300,43900,45000,41100,37600
6,2,0.913,1000,0.0271,42500,35500,39700,39300,36200,31600
6,1,0.8048,1020,0.0977,44200,34200,40600,41900,38100,31300
6,2,0.5431,843,0,29800,26900,29100,27700,28100,24200
6,1,0.7893,956,0.1985,40700,34300,38600,35700,33500,29800
6,2,0.1586,1535,0.377,91600,68300,74800,65400,60400,56600
6,2,0.8418,1186,0.0284,55700,41200,47500,46500,42500,38300
6,2,0.8094,1160,0.056,59600,42400,48800,49600,45200,37900
6,1,0.7439,1068,0.0412,49700,39300,45600,44600,42000,37400
6,2,0.9236,1062,0.0037,44300,35400,41100,40200,37700,33400
6,2,0.799,1139,0.1262,52000,38900,43200,46600,39700,36200
6,2,0.4877,1382,0.1575,77900,68100,67000,60700,55200,54300
6,2,0.2788,1021,0,38700,30400,34900,35700,32900,28900
6,2,0.4314,1230,0.0398,63400,41500,50700,54000,48100,38700
6,1,0.6543,1077,0.0296,46400,36700,41400,41900,38900,34800
6,1,0.7298,1121,0.0802,51100,40600,46200,45700,42400,38300
6,2,0.6237,1040,0.0388,47100,39000,43400,41500,39200,33200
6,1,0.9963,946,0.0143,41400,34600,38400,37900,35700,31300
6,1,0.5038,1042,0.0755,47700,38200,43100,42500,39600,35900
6,1,0.8413,1021,0.2805,49300,39500,44700,42600,39100,35800
6,1,0.7054,1277,0.2214,67800,53600,61600,58000,53600,48600
6,1,0.7122,1163,0.0876,54000,43700,47800,48700,44200,41100
6,1,0.3649,1359,0.1664,73900,52200,60200,58200,50500,46000
6,1,0.7603,1340,0.2304,61400,47800,54400,53100,48100,44000
6,1,1,1011,0.1412,43300,35300,39300,40000,35900,30400
6,1,0.6499,1160,0.1323,50500,42900,47400,44200,41200,39400
6,2,0.4108,1285,0.0429,62600,50300,55300,52800,49100,46900
6,2,0.4853,1068,0.0729,51100,38600,44900,45600,41900,36300
6,1,0.8946,1025,0.1689,52300,44800,50100,46100,44000,40700
6,1,0.7946,1122,0.1462,49600,38800,44800,45300,41600,36600
6,1,0.6666,846,0.1118,37600,30300,34600,31300,29000,24700
6,1,0.6918,1176,0.1641,61600,46800,54500,51400,47700,42200
6,2,0.3427,1049,0.0388,44400,38200,40800,42000,38500,36600
6,1,0.8571,1002,0.0229,49100,42800,45900,44700,42600,40400
6,2,0.3844,1353,0.1385,68000,48900,58200,54900,52500,45700
6,2,0.9876,1009,0.0041,47200,41300,44600,41300,39400,37800
6,1,0.6136,1069,0.061,46700,39300,42800,42700,39300,35200
7,2,0.524,1364,0.1388,71500,46600,58800,59700,50400,41100
8,2,0.3677,1182,0.0308,49100,35600,43200,42200,35900,29000
7,1,0.758,1156,0.0507,45500,34100,39200,39800,35000,30200
7,1,0.8908,1177,0.0918,49600,37400,43400,43200,39400,33900
7,1,0.6615,1234,0.1571,63500,47200,55300,53000,47100,40800
7,2,0.9271,1187,0.045,58100,44600,52200,49800,46400,39200
1,1,0.8154,1025,0.0206,40800,33800,38000,37900,35500,32000
1,2,0.7504,1210,0.2066,54400,42200,47600,45400,43000,38800
1,1,0.8695,1022,0.009,35600,28500,32000,33200,30500,28000
1,1,0.9727,1034,0.0277,35900,30200,32700,33400,32000,29000
1,2,0.171,1446,0.0635,71900,47900,61500,58200,52900,41900
1,2,0.5411,1003,0,39700,29100,34700,36700,30300,28000
1,1,0.672,1280,0.1125,55200,40400,48700,47300,43000,37100
5,2,0.6102,959,0.0588,49000,40300,44300,41800,39500,35800
5,2,0.9112,986,0,46000,39400,44400,40900,38200,35200
5,2,0.5198,1073,0.0405,46600,34900,41600,42500,39700,33600
5,1,0.3592,1406,0.0774,74500,47400,60100,58500,53100,43900
5,2,0.783,1081,0.0446,45600,34800,40100,41600,35600,31400
5,2,0.3922,1058,0,58600,47500,54800,54000,53700,46900
5,2,0.7223,1089,0.0332,45000,31800,37500,40700,34600,29900
5,2,0.5373,1102,0.0231,44700,38400,41100,40300,36500,34400
5,2,0.7193,962,0.0306,41100,28100,35800,37300,33300,25900
5,1,0.8132,1210,0.1498,63900,47000,56300,59900,52600,44900
5,2,0.5505,1165,0.0185,59000,43900,48600,52200,43600,39200
5,2,0.362,1083,0.0403,50100,37700,46200,44700,40600,33900
5,2,0.4838,1212,0.0303,37900,27600,30800,35400,28700,27200
5,1,0.752,1194,0.0708,63300,46100,53200,56600,49400,44400
5,2,0.2979,1157,0.011,41400,35800,38600,36700,34600,32100
5,1,0.9183,1049,0.0254,45300,36200,39700,41500,38700,36500
5,2,0.7455,1089,0.0391,48800,35500,42000,43600,38300,34200
5,2,0.947,1093,0.036,39500,30800,33700,37200,33400,29400
5,1,0.735,1178,0.0652,56200,40300,49100,51400,45500,37800
5,2,0.9226,1058,0.0843,57000,45000,50300,53600,48700,42700
5,1,0.9013,946,0.1099,38800,30000,33900,35800,30400,26200
5,1,0.8572,1089,0.1359,48700,38300,44000,43700,40700,35500
5,2,0.6223,1152,0.0565,54800,36800,42700,49100,41400,36200
5,2,0.8644,1079,0,41500,33700,35200,39700,32700,30100
5,2,0.3297,1394,0.0524,78900,51900,59700,64500,51300,46900
5,2,0.6719,1154,0.0408,52000,37800,46000,44700,40600,36000
5,2,0.8325,1115,0.0074,52300,42300,44600,45800,40000,37300
5,2,0.5616,992,0.0238,39100,29900,39600,36000,30100,24500
5,2,0.928,1117,0.0824,43500,33300,36900,38200,35100,32400
5,1,0.7751,1028,0.051,43800,30000,34900,38400,33000,28100
5,1,0.7006,1284,0.3196,67100,50400,59000,62500,55100,48000
5,1,0.839,1168,0.1032,49700,37500,44200,44000,39700,34400
5,1,0.2735,1415,0.1856,79400,56800,65300,61200,55900,50300
5,1,0.5314,1204,0.3175,65200,44300,56100,65700,54400,45400
5,1,0.9111,914,0.122,38400,29000,34700,35200,31300,27400
5,2,0.4392,922,0.096,34200,23800,30400,32000,29600,22800
5,2,0.6988,1063,0.0272,44100,31400,38600,40700,36000,29800
5,2,0.22,1449,0.0744,93300,58900,74700,76100,61800,49900
8,1,0.8634,1012,0.0766,50100,38900,44500,46500,41900,36900
8,1,0.962,995,0.1093,46700,37700,42400,43100,39000,34600
8,1,0.9628,1095,0,36900,28400,33700,33200,30200,24900
8,2,0.6485,1295,0.2015,63800,49400,54800,56100,52000,47100
8,2,0.9744,1122,0.0086,46300,39900,41300,41300,37000,34400
8,2,0.7539,1162,0.0759,53500,39200,45900,49400,42800,36200
8,2,0.9751,1081,0.2894,51600,41000,47100,47800,44300,37600
8,2,0.9087,1173,0.0657,54200,40900,46700,49100,43000,37400
8,2,0.738,1250,0.1059,63200,48100,56100,56500,51500,44400
8,1,0.7306,1127,0.1351,56600,44700,51000,50600,46200,40600
8,1,0.4642,1331,0.2037,69600,50300,61000,57700,51700,44900
8,1,0.8479,1190,0.0828,50600,37400,43300,45800,39900,35400
8,2,0.5173,1329,0.0515,59400,36300,46400,51300,42400,34000
8,2,0.8901,1217,0.1026,48000,37200,44500,42100,41300,35000
5,2,0.4063,1028,0.0362,47000,39700,39400,40400,35300,34500
5,2,0.5895,1096,0,33200,26400,34300,26700,31700,24100
5,2,0.9404,1012,0.0103,44200,32600,38600,40400,36100,29200
5,1,0.8146,994,0.2379,31900,29600,32400,26600,28100,25600
5,2,0.6449,1014,0,46800,39100,45700,40800,39200,32500
5,1,0.9019,1038,0.0297,35700,28900,32600,32300,30000,27200
5,2,0.4161,1007,0.015,40200,30100,36300,37400,30800,26400
5,1,0.7061,1044,0.1759,38400,30500,35600,33000,30000,25700
5,1,0.9019,1099,0.0564,41700,32700,38300,35600,32600,28500
5,2,0.2859,1043,0.0161,40400,30100,32400,37200,30800,27700
5,1,0.8913,1074,0.0511,43000,34400,38900,39700,36700,31400
5,1,0.9758,1007,0.0139,33800,28700,31100,29800,27300,25800
5,1,0.7176,1024,0.0023,39500,30600,35900,36400,33200,27800
5,1,0.5291,1165,0.4231,52700,39300,46000,45800,40400,34500
5,2,0.7064,1091,0.0448,48800,34000,40100,43600,35600,31000
5,1,0.719,1159,0.1713,52700,39300,46000,45800,40400,34500
5,2,0.514,1063,0.0448,49600,41800,46600,46200,41100,38800
3,2,0.8889,1195,0,62100,54700,58300,58600,55900,55600
3,2,0.7835,1044,0.0176,55400,46400,52500,48500,47700,43000
3,2,0.7082,1163,0.0363,47000,40200,44100,44200,39900,38600
3,2,0.6787,1179,0.0513,50100,38900,44600,44700,40700,37000
3,2,0.6319,1145,0.0335,47300,40400,44600,42800,41300,37300
3,2,0.7111,1145,0.0415,47600,41500,44100,43300,40400,39500
3,2,0.5166,1008,0.1144,45100,39400,41800,42800,39100,37400
3,2,0.6135,1343,0.0324,48700,32600,39500,44100,35800,29400
3,2,0.73,1132,0,38700,32400,35900,33000,32500,29700
3,2,0.6758,1010,0.0052,46700,40700,44200,41700,41300,39900
3,2,0.8933,1262,0.1723,70700,54000,62400,62600,57000,50600
3,2,0.6284,1305,0.7661,71100,58800,64600,71300,65200,61000
3,2,0.5599,990,0.0064,43000,37500,40700,40000,39000,36900
3,2,0.6753,1145,0.0552,51300,34400,41700,45500,39400,32900
3,2,0.7922,1199,0.0445,51300,39300,46300,46400,41600,37900
3,1,0.7946,1025,0,38900,31100,34200,36000,32100,29300
3,2,0.6145,1162,0.0108,47400,41300,44700,43200,39700,38100
3,1,0.7035,1105,0.0548,45800,37500,41600,42600,39500,35900
3,1,0.7567,1165,0.0467,50300,40200,45400,46200,42300,38500
3,1,0.7553,1125,0.0328,44500,36500,39500,40800,36600,34800
3,1,0.7337,1185,0.0331,52500,40100,47700,48000,43800,38300
3,2,0.9025,1145,0.0266,45300,37200,40100,41300,37700,37100
3,1,0.6309,1105,0.0225,45600,37900,42500,42700,39800,36500
3,1,0.6077,1045,0.0673,42600,32900,37200,39900,34600,30000
3,1,0.8718,1105,0.2412,48700,41000,44900,45100,41600,39200
3,1,0.7618,1045,0.0255,39800,33200,37700,36700,35000,31200
3,1,0.5381,1361,0.1877,68000,49600,58800,56200,51000,45000
3,1,0.7248,1125,0.1416,48200,38500,43000,44200,40300,36300
3,1,0.7971,1165,0.4289,51200,41300,46800,47300,43100,39000
3,1,0.7452,1125,0.0333,44900,36700,40500,40900,38000,35600
3,1,0.8356,1125,0.0503,43600,34500,38300,40200,36800,33600
7,1,0.9682,1195,0.1532,54200,44200,48400,47300,42700,38700
9,1,0.9844,913,0.1098,35500,27000,34800,32000,30400,24400
8,2,0.0473,1489,0.444,141300,92800,121400,94000,90000,70400
3,1,0.5747,1293,0.3882,62200,49000,55700,55100,50400,44800
6,2,0.6316,1283,0,41400,26400,38600,33500,32400,22300
8,1,0.5676,1041,0.0438,51100,40500,46800,47300,42900,37800
8,1,0.8011,1129,0.197,69600,50300,61000,57700,51700,44900
8,1,0.8385,1083,0.1961,69600,50300,61000,57700,51700,44900
5,2,0.4213,1104,0,42000,26700,31400,36500,31000,23800
6,1,0.7965,1132,0.0257,55500,42200,48800,47700,43300,38300
8,1,0.532,1068,0.084,47000,35100,41900,44800,40000,32200
4,2,0.7647,1105,0,48600,46400,51800,49300,49800,44500
6,1,0.7628,1193,0.3338,55500,42200,48800,47700,43300,38300
5,1,0.6426,1141,0.0533,45800,36500,44000,42100,41000,35200
1,1,0.9588,1086,0.1615,66000,49800,57300,58400,52700,46400
1,1,0.9416,1111,0.1615,66000,49800,57300,58400,52700,46400
1,1,0.8232,1085,0.1615,66000,49800,57300,58400,52700,46400
8,1,0.6753,1131,0.262,56700,42700,49000,49600,43500,37700
8,3,0.5387,1274,0.5568,82400,60900,72800,80200,65600,50400
5,2,0.4212,1142,0.0317,33700,30900,38300,32800,37000,29800
5,1,0.3993,1165,0,48500,39400,43300,43500,40100,36800
6,1,0.7721,1165,0,55500,42200,48800,47700,43300,38300
5,1,0.393,1177,0.0578,48500,39400,43300,43500,40100,36800
4,1,0.513,1186,0,61200,46000,54400,51900,47500,41800
2,1,0.6679,1106,0.1379,57200,43600,51200,50100,45800,40100
5,1,0.7459,1006,0.0904,70600,52300,66800,62300,63900,54100
5,1,0.9397,954,0.1128,35000,29400,31400,31500,28300,26300
5,1,0.7807,1058,0.0373,46200,37300,43900,41900,39400,35400
5,1,0.6802,1235,0,65700,47700,57800,56000,48100,42600
6,1,0.7397,978,0.0074,49300,39300,43900,45000,41100,37600
